last_name,first_name,date_of_birth,email
Johnson,Tiffany,1946-11-06,ehuff@example.net
Barnett,Jessica,1998-02-01,horndanny@example.net
Carpenter,Debra,1988-08-15,ytaylor@example.com
White,William,1924-10-19,zhowe@example.net
Griffin,Cindy,1988-03-03,valenciaamanda@example.net
Green,Bruce,1919-11-25,vasquezsara@example.net
Pearson,Molly,1926-08-29,alisonholt@example.com
Chaney,Brittany,1972-09-21,robin71@example.org
Prince,Lacey,1921-04-17,carteredward@example.net
Gonzales,Michael,1949-09-22,kathryn30@example.org
Jennings,Angela,1920-08-22,isabellaali@example.org
Villarreal,Christina,2006-10-11,marycharles@example.org
Eaton,Christine,1957-12-01,chenjessica@example.org
Herrera,Jonathan,1964-04-05,stephanie38@example.org
Guerrero,Scott,1924-12-27,sara08@example.org
Smith,Karla,2015-07-13,dustin99@example.net
Yoder,Rebecca,1966-03-18,qhopkins@example.com
Clark,Christopher,2005-09-29,estradadarlene@example.net
Freeman,Brian,1912-04-30,qmiller@example.org
Martinez,Nicholas,1911-03-04,nguyenpatrick@example.com
Wallace,Shane,2022-08-12,james43@example.com
Martin,David,1922-12-30,bnelson@example.org
Fisher,Clinton,1995-04-16,shelly44@example.net
Bentley,Gregory,1927-10-24,rwatson@example.net
Hardy,Alexander,2019-05-06,davenportanthony@example.com
Espinoza,David,1973-10-18,jacobgonzalez@example.net
Johnson,Shari,1933-11-14,qjohnson@example.net
Jones,Krystal,1972-02-28,dylan28@example.net
Webb,Daniel,2012-10-13,swarner@example.org
Fletcher,William,2015-03-24,gnorman@example.org
Zuniga,Pamela,1909-02-05,leslie37@example.org
Martin,Kaitlin,1956-05-28,chris41@example.net
Wilson,Linda,2003-07-13,avilajodi@example.org
Goodman,Emily,1907-07-05,justin99@example.net
Edwards,Joshua,1959-10-04,stephanie24@example.com
Howard,John,1959-05-02,xcox@example.net
Middleton,Michelle,1998-07-20,pcurtis@example.org
Simpson,Doris,2008-06-16,bruce72@example.net
Hernandez,William,1952-10-23,pballard@example.net
Gamble,Melissa,1912-10-29,brittanyrichardson@example.net
Morgan,Margaret,1958-10-02,xgreene@example.com
Franklin,Jennifer,1989-11-16,urichmond@example.com
Walls,Shaun,1984-12-08,denise24@example.net
Mcconnell,Gregory,1994-01-22,jensenrandy@example.org
Villanueva,Lisa,2011-11-13,scott54@example.org
Martin,John,2022-06-23,emily86@example.com
Bennett,Donald,2010-10-07,spowell@example.org
Mosley,Betty,1926-05-11,cbridges@example.com
Alvarez,Thomas,1919-06-25,djohnson@example.com
Mullen,Johnathan,1959-07-13,hicksmelissa@example.org
Hardy,Christopher,2018-10-27,lauren89@example.org
Leonard,Dawn,1918-04-22,medinanicholas@example.com
Small,Taylor,1996-09-02,gina80@example.com
Christensen,Shawn,1951-07-08,scottsean@example.net
Lane,Tina,1961-07-31,kmorrow@example.org
Knight,Charles,1964-05-25,tonywest@example.com
Walker,Peter,1944-10-24,ygrimes@example.org
Clark,Kathleen,2014-12-29,dconner@example.org
Gordon,Shane,1926-01-22,nwallace@example.com
White,Rebecca,1924-05-05,xfrank@example.net
Perry,Jennifer,1951-09-06,guzmanmaureen@example.com
Chambers,Tina,1933-10-16,tyler43@example.org
Lewis,Alexander,1907-12-18,jenna60@example.com
Alexander,Kathy,2015-06-04,madams@example.org
Ellis,Kimberly,1925-09-01,deanbarton@example.org
Martinez,Gregory,1987-03-06,andrew27@example.net
Ayala,Alyssa,1920-03-01,jerryfigueroa@example.com
Parker,Brittany,1922-02-22,barberjames@example.net
Robinson,Stephanie,1979-02-13,csmith@example.net
Beard,Alexa,1987-03-20,bryanaustin@example.net
Knapp,Mark,1978-10-11,justinhall@example.com
Mclaughlin,Martin,2001-01-13,thomasjordan@example.com
Bryant,Steven,1951-06-14,kristinariley@example.com
Combs,Brittany,1974-06-25,brooksmegan@example.com
Valencia,Mathew,2000-03-06,alexistaylor@example.net
Webb,Brian,1967-01-25,timothygarcia@example.org
Castillo,Andrew,1909-12-21,hharris@example.com
Flores,David,1960-08-12,kylefisher@example.com
Ramsey,Mark,1984-04-03,darryl95@example.net
Osborne,Kimberly,2009-03-05,michael47@example.net
Nelson,Carl,2009-11-16,daniel88@example.net
Snyder,David,1971-12-20,zwilkerson@example.com
Holt,David,2020-10-03,utaylor@example.org
Cohen,Heather,1912-11-11,sjones@example.org
Newman,Megan,1984-10-08,clifford37@example.com
Landry,Daniel,2014-09-06,allison05@example.com
Everett,Kevin,2018-10-15,jennifertaylor@example.org
Ortiz,Steve,1970-07-02,maryalvarez@example.net
Martin,Jacob,1910-12-26,nsimpson@example.org
Nicholson,Clayton,1946-06-10,kimberlydalton@example.com
Peterson,Dylan,1982-07-30,fostersandra@example.net
Proctor,Randall,1919-05-22,skrueger@example.net
Butler,Jennifer,1959-05-08,tylerbarker@example.com
Brown,Kimberly,1981-08-07,stacey53@example.org
Fry,Derrick,1970-05-21,thorntonlori@example.net
Taylor,Austin,1967-11-02,anthonymitchell@example.net
Vance,Alexander,2016-09-12,meredith74@example.net
Baker,Amanda,2001-09-07,nknapp@example.org
Harper,Jean,2004-07-03,pearsonstephanie@example.net
Leonard,Krista,1917-06-19,caitlin34@example.net
Decker,Thomas,1950-10-20,vkennedy@example.org
Garcia,Howard,1986-05-18,ashley15@example.org
Garcia,Ricky,1966-06-28,russelljared@example.net
Johnson,Erica,1948-06-24,gstone@example.net
Bennett,Angel,1947-01-12,leon30@example.net
Johnson,Whitney,1986-01-20,townsendtracy@example.com
White,Aaron,1938-07-05,qgreer@example.net
Horn,Courtney,1907-05-28,barbarastevens@example.org
Duncan,Lisa,1996-10-15,graybrian@example.net
Smith,Stephen,1939-04-08,tiffany34@example.com
Morgan,Jeffrey,2012-06-08,michael72@example.org
Smith,William,1922-08-12,byu@example.com
Carroll,Linda,1933-05-17,dsmith@example.com
Roth,Joel,1940-02-14,courtneyharper@example.net
Rivera,Ashley,1958-12-10,joshua53@example.com
Allen,Mitchell,1923-10-17,gordonrobin@example.com
Owen,Timothy,1916-11-10,jeffrey27@example.com
Lynch,Kelly,2009-01-31,robert97@example.org
Freeman,Laura,1942-03-19,hannah96@example.com
Williams,Crystal,1923-04-30,davidreeves@example.com
Malone,Timothy,1940-05-05,pamela64@example.org
Fields,Jeremy,1985-04-06,rodriguezamanda@example.org
Duffy,Steven,2015-03-22,jamiehowe@example.com
Dean,Pedro,1909-08-22,flynnmichael@example.org
Johnson,Devon,1980-08-14,gabrielgraham@example.net
Jimenez,Gina,1983-05-09,mistyblake@example.com
Lewis,Curtis,1913-10-07,webermatthew@example.org
Dixon,Brian,2009-05-08,coxmary@example.com
Foster,George,2017-03-13,hannakristin@example.com
Juarez,Jennifer,1922-08-03,vicki41@example.net
Copeland,Joseph,1911-08-18,camachoann@example.net
Smith,Anthony,2016-07-16,donnataylor@example.org
Gilmore,Kristen,1965-06-16,karijohnson@example.org
Anderson,John,2003-05-29,williamshannah@example.com
Lee,Austin,1913-08-25,katherinebrown@example.com
Walker,Mitchell,2016-02-23,floydsusan@example.org
Hernandez,Rhonda,1910-11-10,singhscott@example.org
Dawson,Brian,1906-08-19,martinezdavid@example.com
Christian,Andrew,1970-04-01,qlewis@example.com
Chapman,Jorge,1963-07-17,josephwright@example.com
Hatfield,John,2014-04-04,hmontgomery@example.org
Williams,Paul,1996-12-30,petersendavid@example.org
Monroe,Kathryn,1950-02-03,belinda99@example.net
Lynch,Heidi,1999-09-04,jonesryan@example.net
Pennington,Joseph,2017-04-11,jamesmccormick@example.com
Obrien,Richard,1913-11-10,uprice@example.org
Morgan,Danielle,1929-09-01,halljohn@example.org
Carroll,Daniel,1991-09-26,francis09@example.com
Simmons,Veronica,1930-08-19,estanley@example.net
Freeman,Beth,1913-01-10,robert23@example.net
Davis,Judy,1921-08-22,john47@example.org
Henderson,Gerald,1911-12-27,greenmelissa@example.org
Koch,Deborah,2008-06-09,rlee@example.org
Cantrell,Robert,1953-02-20,andrewjones@example.com
Moore,Geoffrey,1928-10-22,michael76@example.com
Adams,Andrea,1959-09-09,melindapeters@example.com
Tucker,John,2022-04-27,brandicruz@example.org
Nguyen,Christina,1973-06-22,tapiajustin@example.com
Matthews,Adam,2003-04-19,timothyjones@example.org
Vance,Garrett,1963-02-06,lisafitzpatrick@example.org
Washington,Daniel,1965-04-11,haynesclaudia@example.org
Nichols,Rachel,1970-12-04,george61@example.com
Martinez,Heather,1935-12-15,harrisjamie@example.com
Cox,Shannon,1945-06-15,anna11@example.net
Jackson,Morgan,1948-02-16,terri67@example.org
Nelson,Joseph,1951-08-27,john15@example.org
Miller,John,1981-05-12,charlesforbes@example.org
Delacruz,Shelly,1909-03-28,alandudley@example.com
Simmons,Michael,2020-09-04,everettronald@example.com
Chavez,Christina,2005-02-10,chamberscarla@example.org
Hall,Brandon,1981-02-10,johnnyclay@example.net
Hayes,Karen,1949-03-02,alyssaberg@example.com
Dickerson,Breanna,1964-12-26,williamcox@example.com
Romero,Sierra,2005-10-21,mackenziejames@example.com
Rodriguez,Connor,1974-06-07,rmartin@example.net
Williamson,Christopher,1967-09-10,david47@example.org
Smith,Thomas,2021-06-19,kristen95@example.com
Taylor,Melissa,1946-07-14,jensencynthia@example.org
Washington,Madeline,1943-04-22,danielpacheco@example.net
Miller,Rachel,2016-07-25,eglass@example.com
Vasquez,Brianna,2012-06-29,abaird@example.net
Callahan,Kevin,2022-03-26,elizabethdeleon@example.org
Weaver,Julie,1956-04-18,jonathan95@example.net
Pena,Crystal,2008-03-08,jenniferbaird@example.net
Delacruz,Courtney,1956-10-20,vgallagher@example.org
Thomas,Connie,1985-03-26,twells@example.net
Johnston,Shawn,1945-08-14,harrisjennifer@example.org
Wolfe,Robert,1970-06-19,joshuasmith@example.org
Howell,Caroline,1931-11-30,nguyennicole@example.org
Torres,Carlos,1942-04-19,gregorythompson@example.org
Williams,Gerald,1990-07-19,mccarthywhitney@example.net
Ross,Tina,1984-01-22,xlewis@example.org
Johnson,John,1943-10-01,padkins@example.org
Carroll,Melissa,1955-12-12,ramosalexis@example.net
Chapman,Jeffery,1952-10-01,jonesshari@example.org
Boyd,John,1932-12-28,jordan79@example.net
Logan,Andrew,1917-12-13,fsnyder@example.net
Hunter,Samantha,1960-10-25,stevenscrystal@example.net
Barton,Jason,2009-08-04,jenkinssara@example.com
Simmons,Hannah,1955-01-01,madison22@example.com
Chang,Joseph,1923-05-02,lewisjody@example.com
Dodson,Lindsey,1950-02-25,jonathan27@example.org
Rowe,Martin,1938-10-07,shanewilliams@example.net
Patterson,Jennifer,2010-09-19,qross@example.com
Hubbard,Gary,2019-09-23,petersengary@example.net
Bailey,Nancy,2005-10-13,vmorgan@example.com
Juarez,Megan,1907-07-29,nicholas88@example.org
Fernandez,Steven,1937-09-07,farmertammy@example.com
Cooper,Leslie,1970-08-29,whitekarla@example.net
Jones,Katrina,1993-02-11,jarviscole@example.com
York,Jonathan,1986-07-25,simpsonjames@example.com
Hernandez,John,1922-07-22,nelsonchristine@example.com
Padilla,Gregory,1971-02-09,hillashley@example.com
Ramos,Kyle,2020-10-18,andersonnancy@example.org
Kramer,Alexis,1973-07-30,marcusbray@example.com
Rojas,Destiny,2011-05-06,robertscraig@example.org
Brown,Annette,1990-12-02,jeaton@example.org
Owens,John,2013-02-24,jonesmark@example.com
Taylor,Daniel,1958-07-31,markjohnson@example.org
Bentley,Daniel,1988-10-12,bradfordgregory@example.net
Evans,Michael,1991-03-10,bweber@example.com
Hines,Vernon,1969-04-17,fosterbrenda@example.org
Nguyen,Jason,1958-03-22,mollygray@example.com
Carrillo,Michael,1979-12-09,tbowen@example.net
Bell,Stephen,1942-08-14,qcook@example.net
Nichols,Kristy,2015-07-20,shelbyhamilton@example.net
Gray,Julia,1933-05-08,scott35@example.com
Vasquez,Bradley,1951-01-03,greenteresa@example.net
Hampton,Janice,1983-12-21,hatkins@example.org
Johnson,Christopher,1924-09-29,bautistawilliam@example.com
Burton,Hannah,1976-08-11,suzannestephens@example.net
Smith,Summer,1938-08-04,colelisa@example.net
Barrera,Jessica,1931-09-11,olsonryan@example.org
Gill,Billy,1909-12-20,banksmatthew@example.net
Guerrero,John,2014-10-17,aevans@example.net
Price,Amber,2022-06-09,uvincent@example.com
Tyler,Kelly,1919-06-30,wdean@example.org
Cobb,Jaclyn,1988-03-08,roneal@example.org
Reese,Joseph,1970-01-29,micheal71@example.com
Bowman,John,2007-12-11,glensmith@example.net
Murphy,Roy,1937-02-08,marie32@example.com
Watson,Charles,1923-09-19,bgates@example.org
Garrison,Chelsey,1972-02-26,kstephens@example.org
Moody,Melissa,1991-10-18,michael77@example.net
Gonzalez,Kelly,1959-03-06,glasssarah@example.org
Taylor,Christina,1945-07-22,jjackson@example.net
Carr,Matthew,1993-04-12,rwhite@example.org
Watson,James,1920-09-13,jennifer26@example.org
Bradley,Chelsea,1989-04-13,hwilliams@example.net
Carey,Sandra,1946-01-31,dbutler@example.org
Lewis,Alexandra,2014-03-03,kristin98@example.org
Fleming,Chase,1980-04-02,kathleendickson@example.org
Campbell,Mary,1983-06-01,qmann@example.org
Wilson,Kristina,1977-01-24,brian28@example.org
Cook,Tiffany,1919-02-28,gabrielabrowning@example.net
Miller,Priscilla,2017-03-26,jensenrebecca@example.org
Ward,William,1995-08-25,sydneywilliams@example.org
Sanders,Allison,1917-10-16,davisnichole@example.org
Houston,Tony,1933-12-12,wayne76@example.net
Rivera,Fernando,1930-04-03,lsmith@example.org
Snyder,Courtney,1997-02-27,barnessteven@example.org
Johnson,Tracy,1947-02-26,davissarah@example.com
Evans,Ryan,1935-09-26,dcasey@example.com
Vega,Timothy,2010-11-03,fostermeredith@example.com
Hernandez,Connie,2003-02-18,anelson@example.net
Espinoza,Philip,1926-06-07,brownmelvin@example.com
Miller,Joseph,1974-01-04,christopherherrera@example.org
Williams,Jonathan,1945-08-21,barajaslonnie@example.net
Ortiz,Jesse,1931-12-25,robin39@example.org
Hopkins,Keith,2012-07-12,richard38@example.org
Moreno,Russell,2017-08-16,cynthia78@example.net
Guerra,Lynn,1948-04-29,james79@example.net
Flores,David,2002-03-21,wendyreynolds@example.com
Valentine,Rachel,1929-12-19,mjohnson@example.net
Ayala,Anita,2010-08-06,rcontreras@example.org
Franklin,William,1955-02-08,jason53@example.org
Mccormick,Matthew,1918-09-02,eknight@example.net
Anderson,Angela,2005-09-08,pagetheresa@example.com
Moore,Kathryn,1957-12-13,francisco64@example.net
Wilkins,Johnny,1932-09-18,ilittle@example.com
Cummings,Carlos,1924-04-28,istone@example.org
Chase,Andrew,1935-03-21,john41@example.com
Lee,Veronica,1933-06-10,nicholas72@example.net
Smith,Kenneth,2003-01-12,nicholassalazar@example.org
Clements,Michelle,1929-09-03,jacobthompson@example.net
Haynes,Christian,1944-10-02,harrelltina@example.org
Harvey,Mary,1949-04-06,rmoore@example.net
Clarke,Jose,1999-02-16,xfitzgerald@example.org
Munoz,Stephanie,2000-06-20,benjaminnelson@example.org
Escobar,Tammy,2002-07-11,jbrown@example.com
Cannon,Nancy,1929-03-27,daniellyons@example.org
Adams,John,2010-04-25,alicia01@example.com
Smith,Michael,1964-11-13,mmiller@example.org
Graham,Brianna,2013-03-03,sullivanchristopher@example.org
Duarte,Tasha,1926-09-02,lindapatterson@example.org
Woods,Tim,1959-04-25,egarner@example.com
Graves,Jay,1927-08-25,ugrant@example.com
Schultz,Kevin,2005-01-25,jonathangrimes@example.org
Walton,Emily,1931-04-17,gvaughn@example.org
Smith,Maxwell,1917-08-24,shawkins@example.com
White,Jaime,1910-05-31,ogordon@example.com
Walsh,Brittany,2005-07-01,cynthiajones@example.org
Moore,Andre,1927-12-13,bradley88@example.net
Williams,Jeffrey,1984-12-19,brittany15@example.net
Clark,Daniel,1979-07-03,cgonzales@example.com
Davenport,Joshua,1999-08-28,troyweber@example.com
Mack,Zachary,1916-11-11,holly00@example.org
Rodgers,Tyler,2007-02-01,wallerbill@example.org
Weiss,Tanya,1947-06-22,anthonyscott@example.net
Barnett,John,1998-05-22,dscott@example.net
White,Robert,1907-03-30,tsullivan@example.org
King,Matthew,1965-06-18,cowansandra@example.org
Ramirez,Donald,1918-04-20,watkinsteresa@example.com
Garrett,Isaac,2006-11-03,jameshart@example.org
Cox,James,1989-05-22,brownchristine@example.org
Moore,Robert,1952-01-10,scottmorris@example.org
Alvarado,Sara,1919-09-26,andrewtorres@example.net
Baker,Sean,1910-05-01,williamcolon@example.com
Mendez,Brian,1954-02-28,lgibson@example.net
Gibson,Antonio,1969-08-15,zramos@example.org
Herrera,Sylvia,1913-06-16,smartinez@example.org
Roberson,Denise,2002-07-11,sarahmoore@example.org
Sharp,Bonnie,1945-01-15,karenanderson@example.org
Patel,Heidi,1982-01-23,mford@example.net
Ramsey,Samantha,1921-11-15,maryschmidt@example.net
Coleman,Gary,1962-09-12,reedjonathan@example.org
Thomas,Rachel,1911-07-14,allenpatricia@example.com
Gardner,Tom,1991-10-31,ericcurry@example.org
Huerta,James,1916-10-03,pdiaz@example.org
Johnson,Mark,2020-01-02,greenebrandon@example.com
Cruz,Aaron,1971-02-17,cpatel@example.net
Baker,Phillip,1931-12-30,bstewart@example.net
Garcia,Alexandria,1997-06-04,elizabethanthony@example.com
Rose,Mark,1918-04-02,gardnerdonald@example.com
Elliott,Marissa,2021-01-16,sarah38@example.org
Harris,Jay,1990-10-31,stevebrown@example.net
Parker,Thomas,2007-08-03,woodmichael@example.org
Hughes,Mary,2018-06-06,mfloyd@example.com
Smith,Denise,1938-01-06,katelynbarton@example.org
Franklin,Ashley,1939-02-10,karen08@example.net
Butler,Dylan,1964-05-30,tylergloria@example.com
Wilkins,Mary,1950-12-02,thompsonkelly@example.org
Wu,Darryl,1966-01-09,madison63@example.net
West,Christopher,2014-08-01,lauramartinez@example.net
Powell,Laura,1931-11-11,jesusmorgan@example.org
Hayden,Richard,1926-08-18,acarr@example.org
Erickson,Nathan,1995-04-10,lthompson@example.net
Tanner,Kathryn,1949-08-15,ylee@example.org
Khan,Cassandra,1998-06-25,catherine76@example.com
Hudson,Brittney,1917-03-16,leepeter@example.net
Bryant,Gloria,1926-07-26,brianwilkerson@example.net
Sanders,Debbie,1918-06-10,kmurillo@example.org
Torres,Ashley,1970-05-07,chelsea27@example.net
Williams,Michele,1969-04-21,alanmcclure@example.org
Solomon,Michael,2004-12-07,brianburgess@example.net
Curtis,Stephanie,2006-11-14,carol28@example.org
Sandoval,David,1978-07-31,petersuarez@example.org
Thompson,Caleb,1971-06-12,kdaniels@example.net
Strong,Lisa,2013-09-09,thenderson@example.org
Johnson,Brittany,1930-12-04,watsonjuan@example.com
Jennings,Jennifer,1966-07-03,ugriffin@example.net
Short,John,2018-12-25,hollygonzalez@example.org
Schwartz,Chad,1921-10-29,agardner@example.com
Beasley,Kelli,2020-06-19,russell57@example.com
Kelly,Mary,1953-03-11,stevensjennifer@example.net
Cain,Bryan,1984-07-25,phillipsevan@example.org
Mcdonald,Kimberly,1911-09-09,jrichard@example.net
Roth,Charles,2007-02-18,stevenwagner@example.net
Valdez,Mason,2015-04-25,fpeterson@example.com
Smith,Sarah,1967-10-20,lopezamanda@example.org
Malone,Walter,1999-04-22,zhansen@example.com
Dawson,Alexis,1956-10-01,lunagabrielle@example.net
Ramirez,Debra,1981-01-09,bcopeland@example.org
Lopez,Michele,1911-05-03,watsonjennifer@example.com
Perry,Mark,2008-12-10,qcarr@example.net
Baker,Andrew,1944-02-19,shanethomas@example.com
Vazquez,Johnny,1944-03-01,thomasdavid@example.com
Moore,David,1981-02-01,hinesjason@example.com
Perry,Tracey,1912-03-29,udiaz@example.net
Thompson,Daniel,1910-09-16,awalker@example.org
Collier,Morgan,1989-09-15,boothlinda@example.org
Charles,Jacqueline,1918-11-10,mendezvickie@example.net
Palmer,Ricky,2006-08-01,gvargas@example.com
Barker,Rebecca,1970-06-03,janice24@example.org
Hines,Jeremy,1943-01-10,robinsonjohn@example.com
Spencer,Michael,2017-07-14,moorejoseph@example.com
Cruz,Jessica,1999-05-17,shelley60@example.org
Miller,Cody,1990-11-22,paynechristopher@example.com
Gilbert,Robert,1948-04-07,benjamindavis@example.com
Silva,Lance,1977-05-04,williamsryan@example.org
Bradley,Ryan,1962-12-12,jandrews@example.com
Fowler,James,1941-07-01,abailey@example.org
Brown,Kelsey,1926-09-13,dennisrodriguez@example.net
Vaughan,Renee,2010-01-29,garciasusan@example.net
Wagner,Charles,1963-06-07,mcdonaldpatricia@example.net
Robinson,Kimberly,1944-12-22,sotojames@example.com
Mosley,Colleen,1938-12-08,arthurstewart@example.org
Robbins,Tim,1939-06-17,carolyndudley@example.org
Jones,Patrick,1954-07-25,danielhuang@example.org
Odonnell,Antonio,2010-06-23,moorebruce@example.org
Lee,Emily,1955-05-07,tbrewer@example.net
Fox,Brianna,2003-05-23,paul77@example.net
Owens,Emily,1982-06-10,woodjesse@example.net
Meyer,Doris,1929-10-13,njohnson@example.org
Gutierrez,Bradley,1989-06-08,michelleramirez@example.com
Miller,Edward,1955-04-26,lcombs@example.org
Miller,Jason,1936-10-19,stacy11@example.org
Huang,Joanne,1932-04-28,xmeyer@example.com
Mccullough,Patrick,2003-08-03,murphyjack@example.net
Crawford,Alexander,1933-06-30,fhenry@example.com
Bautista,Jill,1981-06-10,mariopatel@example.com
Morrow,Rebecca,1906-08-16,castrodawn@example.com
Davis,Candice,1990-07-17,jeremy13@example.org
Jenkins,Eric,1908-06-18,caitlinhull@example.org
Aguirre,Maria,1917-07-28,caseychristopher@example.com
Patel,Jennifer,2011-06-05,bradley45@example.net
Brown,Joseph,1985-10-09,kathrynpena@example.org
Phillips,Susan,2005-01-18,troyhunter@example.com
Davila,Kevin,2020-05-13,isharp@example.net
Delacruz,Sharon,2018-04-09,mossmelissa@example.org
Washington,Kathryn,1927-04-25,lpotter@example.net
Rivera,Michelle,1996-03-17,eperez@example.org
Mckay,Andrew,1974-10-27,simsbryan@example.com
Perez,John,1923-09-27,thomas46@example.net
Williams,Mark,1924-11-06,jonesstacy@example.org
Wood,Rebecca,1971-07-02,walshjames@example.com
Smith,Matthew,1974-04-21,imonroe@example.org
Ali,Kyle,1941-09-11,wilsonandrea@example.net
Reyes,Jimmy,1940-07-20,abooker@example.com
Thompson,Annette,1929-12-28,hartalexandra@example.net
Murray,Joan,2013-11-15,mathewskatrina@example.org
Cook,Christina,1989-07-21,ryan90@example.com
Johnson,Elizabeth,1912-10-12,xcarter@example.com
Bond,Samantha,1937-01-04,troy30@example.net
Porter,Corey,1960-10-31,jennawhite@example.org
Jones,Joseph,1993-06-01,crystal98@example.net
Carter,Russell,1926-04-14,roy25@example.com
James,Tina,1954-11-07,uwest@example.org
Roberts,Sarah,1906-08-11,qchapman@example.net
Johnson,Susan,1915-03-10,kathyclark@example.org
Clark,Edward,1911-11-01,frankberry@example.org
Collins,Paul,1931-12-14,bedwards@example.net
Diaz,Nicole,1913-04-17,griffinrobert@example.com
Mcintosh,Sharon,1975-11-25,maria75@example.org
Burke,Andrew,1999-08-11,berryalex@example.com
Calderon,Corey,1946-11-05,alfred92@example.net
Evans,Amanda,1995-05-21,gibsonstephanie@example.net
Jackson,Sara,2009-03-12,ffletcher@example.com
Jones,Lauren,1959-02-18,ymcbride@example.net
Moyer,Scott,1938-01-01,eeverett@example.net
Hill,Lisa,1989-05-06,karenbecker@example.org
Ruiz,William,1924-07-09,brandijones@example.com
Ross,Matthew,1999-07-27,justin80@example.net
King,Elizabeth,1910-06-06,nancyowens@example.com
Odom,Tony,1911-02-24,elivingston@example.net
Adams,Cheryl,1911-08-08,smithluke@example.com
Carter,Rita,1940-06-11,jeffreythompson@example.net
Harrison,Joshua,2006-06-12,qestrada@example.com
Bryant,Mark,1949-03-24,george30@example.org
Gregory,Matthew,1960-07-12,fmorris@example.org
Lee,James,1917-02-27,bauersara@example.com
Cooper,Shelly,1945-11-03,gfreeman@example.net
Greene,Brittany,2001-01-08,scottmartinez@example.org
Walker,Jason,2011-11-16,karen53@example.net
Shannon,Matthew,1971-09-17,bowmanjim@example.org
Crawford,Phillip,1958-04-18,michelleduran@example.net
Torres,Ryan,1911-09-24,kathleen44@example.org
Villegas,Steven,1965-06-27,pgreer@example.org
Gomez,Joyce,1922-01-02,dawn91@example.net
Ellison,Russell,1925-10-12,wendy54@example.com
Zhang,Courtney,1958-08-21,matthew78@example.com
Boone,Eileen,1957-01-13,bellpatricia@example.com
Arnold,Jessica,1910-11-30,thompsonsteve@example.org
Price,Edward,1988-02-11,griffinjennifer@example.org
Carpenter,Audrey,1919-07-01,kristen71@example.org
Aguilar,Stacy,1922-05-14,ywagner@example.com
Benjamin,Bradley,1984-03-24,sloansusan@example.com
Thomas,Julie,2016-11-11,durhamsherry@example.com
Gutierrez,Amy,2007-07-17,karen64@example.org
Smith,Pamela,1982-03-23,millsmichael@example.net
West,Jacob,2019-06-22,thomaskelly@example.org
Kelley,Natalie,1970-11-08,rebecca81@example.org
Hunt,Carl,1958-04-02,lbullock@example.com
Buckley,Curtis,1983-10-25,dennis87@example.com
Brown,Amanda,2002-12-12,davilaandrew@example.org
Valdez,Joshua,2004-03-15,hhoffman@example.org
Ford,Jamie,2009-11-13,kaylavaughan@example.net
Robertson,Catherine,2016-01-05,gonzalezscott@example.org
Lindsey,Jillian,1914-02-15,wolflinda@example.org
Li,Jeffrey,2000-10-23,qpayne@example.org
Weaver,Seth,2010-02-13,weaverlarry@example.com
Waller,Jared,1912-11-26,annebarnes@example.com
Vargas,Charles,1933-05-29,uwilliams@example.org
Nguyen,Larry,1996-06-26,brownrandall@example.com
Johnston,Jeremy,1946-07-08,wbryant@example.net
Glass,Michelle,1983-06-15,elizabethcollier@example.org
Edwards,Jeffrey,1984-01-24,gibsonjoseph@example.net
Baxter,Stacy,1957-10-06,jasmine61@example.com
Spencer,Jessica,1936-10-12,emily44@example.net
Sellers,Amanda,1912-09-15,dmcdonald@example.com
Lloyd,Gordon,2005-10-26,danieljennifer@example.net
Mckinney,Austin,1913-07-01,jgarcia@example.com
Booth,David,2002-03-26,mcmillansarah@example.net
Brown,Aaron,1917-02-11,diane56@example.org
Williams,Leonard,1934-02-01,nreed@example.org
Booth,Renee,1969-07-28,emily92@example.com
Johnson,Elizabeth,1978-08-09,elizabeth88@example.net
Williams,Garrett,1981-08-09,bensonphilip@example.com
Gonzalez,Brittany,1993-03-05,nelsondeborah@example.org
Jacobs,Alexis,2018-11-02,kevinhiggins@example.net
Morales,Debra,1909-10-27,alice77@example.net
Johnson,Emily,1949-02-16,martinsteven@example.com
Martin,Tonya,1928-03-26,michellesmith@example.com
Rodriguez,Joseph,2004-12-27,brownkevin@example.com
Watson,James,1997-06-08,asantana@example.com
Griffin,Melinda,1953-04-01,amandareilly@example.org
Walters,Jesse,1928-01-31,yosborne@example.com
Townsend,Savannah,1961-06-21,adamsvictoria@example.com
Holmes,Joann,1974-06-27,tammy28@example.net
Sheppard,Eileen,1996-05-17,sotojoann@example.net
Martinez,Jeffrey,1942-09-13,brenda17@example.org
Mcgrath,Jessica,1956-08-07,qford@example.com
Delgado,Wesley,1908-08-08,sanfordmichael@example.org
Green,Fred,1996-12-24,ryanhall@example.net
Nelson,Jessica,1992-04-12,dawnwilliams@example.com
Gonzalez,Holly,1992-12-19,jenniferbishop@example.com
Lucas,Brianna,1929-11-02,sharonhudson@example.com
Palmer,Christopher,1999-04-25,tracy99@example.com
Barber,Colleen,1993-03-25,dwilliams@example.com
Mcdonald,Kimberly,1985-06-03,nichole80@example.org
Franklin,Donna,1956-12-25,qclark@example.com
Turner,Samantha,2020-12-25,christopher78@example.com
Sutton,Bryan,1970-10-21,lthomas@example.com
Wilson,Joseph,1945-06-30,bcooper@example.org
Obrien,Courtney,1973-02-10,linda54@example.org
Lopez,Jason,2003-08-20,curtislaura@example.org
Kelley,Kaitlyn,1970-04-25,folson@example.org
Carroll,Timothy,1910-03-02,wcarter@example.org
Allen,Bryan,1959-02-18,asaunders@example.org
Grant,Mary,1918-04-24,brandon41@example.org
Bishop,Amber,1994-02-05,gonzaleztammie@example.org
Brown,Richard,1933-02-25,brownbrian@example.org
Dillon,Renee,1942-10-16,dustincastillo@example.org
Bowers,Paul,1954-04-06,vdiaz@example.net
Garcia,Kevin,1931-05-26,ywilson@example.net
Santana,John,1956-04-06,candace62@example.org
Robertson,Janice,1937-09-26,jameshall@example.net
Allen,Rebecca,1949-02-02,carroyo@example.com
Kelly,Jennifer,1927-11-10,markyates@example.net
Vasquez,Laura,1962-08-26,slopez@example.org
Perez,Peter,1973-09-20,tuckerjose@example.com
Carter,Nicole,1977-03-17,esmith@example.com
Johnson,Jake,2016-03-11,edwardsgeorge@example.org
Martin,Jeffery,1950-09-30,charles32@example.org
Logan,John,2006-06-06,joseph96@example.com
Olson,Heather,1909-06-07,fhuff@example.net
Medina,James,1929-05-10,danielmoore@example.com
Garcia,Thomas,1961-12-30,jonesshane@example.org
Reynolds,Michael,1906-11-24,brownkaren@example.net
Coleman,Brett,1950-07-27,haneyjane@example.net
Sweeney,Lisa,1933-05-07,jerryflynn@example.org
Johnson,Amy,1937-11-08,uwolfe@example.com
Le,Edward,1962-12-10,lisaturner@example.org
Miller,Michael,1988-12-26,jose68@example.net
Good,Mark,1924-01-09,ybrown@example.org
Allen,Kelly,1937-10-15,kmarshall@example.com
Garcia,Teresa,1918-08-20,trevorcrawford@example.com
Jones,Melissa,1940-09-05,cynthia81@example.org
Parker,Alexandra,1991-07-17,millertim@example.com
Adams,Brittney,2017-09-27,wgonzalez@example.net
Aguilar,Laura,1992-07-07,leonard68@example.net
Calderon,Lisa,1940-04-13,ystewart@example.net
Todd,Lee,1950-05-14,duffyjennifer@example.org
Davis,Jennifer,1923-03-16,qjackson@example.net
Miller,Rhonda,1992-02-20,todd05@example.com
Nelson,Patricia,2014-06-22,pwells@example.org
Ramos,Bianca,1949-12-01,nicole52@example.net
Benson,Lisa,1931-02-02,nicholasanderson@example.net
Sampson,William,1927-04-07,stuartbenjamin@example.org
Williams,John,1969-02-25,adam30@example.net
Osborne,Anthony,1929-07-13,zacharywelch@example.net
Howell,Jasmine,1996-06-30,lynchdawn@example.com
Perez,Heidi,1932-01-24,jonlopez@example.org
Allen,Nicole,2004-11-26,robert10@example.net
Huber,Michelle,1975-01-04,oadkins@example.org
Nelson,Tracey,1928-06-01,thorntoncurtis@example.com
Perez,Tracy,1948-01-07,yjoseph@example.net
Friedman,Linda,1995-10-15,john63@example.org
Washington,Gerald,2014-11-02,david19@example.org
Townsend,Elijah,1970-07-09,xthomas@example.com
Schneider,Jennifer,1912-02-28,jacksonjames@example.com
Hunter,Rebecca,1925-11-13,garynguyen@example.org
Dennis,Ricardo,1919-10-28,leahchavez@example.org
Barry,Jillian,1950-12-02,susan74@example.net
Gross,Rebecca,1912-10-14,sydneywilliams@example.org
Johnson,Gregory,1985-12-03,lucerojames@example.org
Thomas,Paul,1934-12-05,airwin@example.org
Jones,Perry,1950-08-29,jyoder@example.net
Proctor,Dawn,1925-06-10,joelparker@example.net
Howell,David,1915-01-31,gonzalezadrienne@example.net
Davis,Jennifer,2019-07-06,melvin58@example.net
Miller,Kelly,1968-12-10,wyoung@example.net
Hughes,Nathan,2008-07-03,bcrawford@example.net
Small,Thomas,1986-04-14,ashleyjohnson@example.com
Smith,Jane,1926-12-06,veronicadavid@example.net
Brock,Emily,1979-07-13,itran@example.com
Golden,Jason,1910-07-30,ymercado@example.org
Rivera,Erik,1992-08-05,sheri10@example.com
Petersen,David,2009-11-04,stephaniecook@example.org
Dominguez,Haley,2000-05-01,vmarshall@example.org
Elliott,Kevin,1911-09-29,ecampbell@example.net
Johnston,Taylor,2006-03-29,ruthblevins@example.com
Stokes,Nicole,1945-10-24,omar20@example.org
Arias,Thomas,1942-11-23,debraclark@example.com
Mccormick,James,1983-07-06,kelly66@example.org
Lang,Jonathan,1973-08-23,jenniferrose@example.org
Humphrey,Darryl,2002-04-26,gregory35@example.com
Johnson,Julie,2011-03-09,johnriley@example.net
Bowman,Amanda,1997-01-20,lisa04@example.net
Barnett,Christine,1991-08-27,zwalter@example.com
Kidd,Michaela,1936-09-09,lindahoffman@example.net
Parsons,Stephanie,1938-03-12,ykramer@example.com
Armstrong,Brent,2020-05-09,johnyoung@example.org
Howard,James,1980-09-20,robert77@example.com
Gonzalez,Amy,1994-06-02,nicholas35@example.com
Taylor,Valerie,1909-07-06,davidreed@example.net
Ortiz,Richard,1937-08-19,dalvarez@example.org
Sloan,Sarah,1910-04-05,millercollin@example.com
Mcdowell,Katherine,1998-12-03,debraryan@example.net
Stanley,Michelle,1908-07-04,ralvarez@example.net
Stokes,Christopher,2014-07-22,steve13@example.com
Townsend,Elizabeth,1966-04-28,garciascott@example.com
Chaney,Christina,1922-12-13,williamphillips@example.net
Zhang,Matthew,1955-07-08,fbowman@example.com
Atkins,Arthur,1955-02-11,ortizpatricia@example.com
Anderson,Jerry,2019-05-02,james51@example.net
Hansen,David,1948-02-21,zpoole@example.net
Brooks,Christopher,1923-09-19,matthewwong@example.com
Price,Kristen,1998-04-18,sdowns@example.net
Ochoa,Cynthia,1919-01-29,ericnorton@example.org
Shelton,Andrew,1962-06-15,kmills@example.org
Williams,Veronica,1978-03-16,michael17@example.net
Villa,Katherine,1958-06-16,brucejeffrey@example.org
Baker,Ashley,2007-11-28,jsantiago@example.com
Taylor,Robin,1990-07-02,russellsandra@example.com
White,John,2007-01-12,brittanyharmon@example.com
Campbell,Carla,1939-02-24,hgarza@example.com
Rodriguez,Roger,1986-10-12,rileynicole@example.net
Parsons,Lauren,1978-05-03,nathanbradford@example.com
Savage,Joshua,1955-08-28,justin67@example.net
Ochoa,Maria,2010-07-29,elizabeth00@example.org
Douglas,Karen,1973-08-26,brayerin@example.net
Eaton,David,1945-12-24,catherinepalmer@example.com
Hamilton,Amanda,1982-11-04,scottchristopher@example.com
Morales,Sarah,1910-06-26,bonniewebb@example.com
Andrade,Dylan,2003-12-07,ryanallen@example.com
Palmer,Nicole,1957-11-05,donaldhernandez@example.net
Butler,Nicholas,1991-11-29,kleinmarcus@example.net
Reed,James,1974-07-26,david27@example.net
Johnson,Dustin,1997-09-21,david86@example.org
Brown,Drew,1945-12-20,krystal60@example.com
King,Timothy,1982-05-24,estewart@example.org
Carlson,Dan,1926-04-27,perrychristina@example.org
Myers,Richard,1995-01-11,davidsonsandra@example.com
Glass,Richard,2000-10-30,joshuamurphy@example.org
Jimenez,Paul,2018-09-18,haleyclay@example.net
Dixon,Donna,1934-05-23,moorestephanie@example.org
Greene,Maria,1942-04-15,ryan00@example.com
Munoz,James,1970-03-24,richardsonduane@example.net
Wang,Ronald,1914-01-30,carlos51@example.org
Sawyer,Paul,1913-10-22,jacqueline07@example.net
Lara,Jeremy,1936-03-24,rvaughn@example.com
Moore,Denise,1927-01-20,mccoyleonard@example.com
Jenkins,Aaron,1978-12-10,allisonjackson@example.net
Johnson,Robert,2016-03-23,stephaniejackson@example.com
Brown,Kristen,1932-10-12,kathy66@example.com
Stark,Hunter,2011-06-27,ujones@example.net
Munoz,Jason,1928-04-23,oadams@example.com
Martin,Lisa,1989-08-07,annette62@example.com
Barnes,Christine,1987-03-30,jeffreyalexander@example.com
Obrien,Hayden,1969-09-04,angelasnyder@example.org
Mays,Linda,1923-05-03,zbarnett@example.net
Shelton,Lisa,1966-08-30,xhughes@example.net
Griffin,Andrew,1975-01-19,theresabeltran@example.net
Ashley,Anita,1921-03-19,ycollins@example.net
Wheeler,Joshua,1990-12-19,davisamy@example.org
Conrad,Scott,1983-08-09,boltondiane@example.org
Chavez,Maria,1909-01-14,spencerjulie@example.net
Nguyen,Norman,1961-09-15,rogersdevin@example.com
Morton,Stephanie,2003-08-21,gibsonlarry@example.com
Johnson,Gregory,1971-05-26,hfloyd@example.net
Gonzalez,Sarah,1949-02-07,dennisrichard@example.com
Hall,Jennifer,2013-09-21,marknelson@example.com
Bautista,Joshua,2018-04-28,fpeters@example.com
Ellis,Sandra,2005-12-28,michellescott@example.net
Banks,James,1940-03-09,wellscorey@example.com
Ramirez,Timothy,1963-02-15,michaelcervantes@example.com
Golden,Katherine,1969-01-15,staciedavis@example.org
Brady,Teresa,1953-02-11,rodriguezmarie@example.net
Peters,Regina,1983-03-09,cindysantiago@example.com
Johnson,Anthony,1947-03-16,boconnor@example.net
Osborn,Lisa,1944-02-16,melinda64@example.net
Garcia,Danny,1923-11-09,knappwilliam@example.org
Mcguire,Melissa,2005-07-25,matthew84@example.org
Martin,Joshua,1940-02-09,susangraham@example.net
Reynolds,Billy,2006-10-03,natasha46@example.org
Fischer,Daniel,1998-02-15,andreacolon@example.org
Anderson,Dylan,2007-12-07,jasonjohnston@example.com
Rubio,Albert,1944-11-11,natalie17@example.org
Williams,John,1973-10-28,tiffanyrobles@example.org
Strong,Amy,1948-10-08,marthatran@example.net
Thompson,Patricia,1934-05-22,michael35@example.net
Nicholson,Taylor,1927-11-01,vcunningham@example.com
Mcintyre,Debra,1914-10-15,matthew04@example.org
Carter,Ronald,1913-05-14,arthurmills@example.com
Lee,Kim,1930-02-11,melvinpeterson@example.net
Love,Curtis,1941-02-05,matthew00@example.org
Sanchez,Elijah,1993-10-25,jasmine75@example.net
Yates,Pamela,1965-04-07,jonathan22@example.com
Phillips,Joshua,1980-07-07,deckertyler@example.org
Armstrong,Wendy,2005-11-27,ystark@example.org
Pierce,Christina,1956-05-08,jessica52@example.com
Campbell,Brian,2005-08-01,david51@example.com
Lewis,Anthony,2021-03-10,james55@example.org
Williams,Krista,2016-12-14,xnelson@example.com
Proctor,Debbie,1969-03-10,nelsoncarlos@example.com
Farley,Lisa,1931-03-04,bennettjonathan@example.com
Hill,Terri,2021-08-27,glopez@example.com
Mccann,Shannon,2009-12-16,austin62@example.com
Costa,Linda,1963-04-14,tschultz@example.com
Palmer,Michael,1996-04-02,hardinkristine@example.net
Kerr,Ross,2021-11-15,patrick07@example.net
Parrish,Melvin,1978-12-10,sarah14@example.com
Jordan,Steve,1928-03-17,thomasashley@example.org
Long,Madison,1926-02-07,jeffreymclean@example.org
Williams,Michael,2008-03-10,mckaywilliam@example.org
Montgomery,Sophia,2003-09-03,dhaynes@example.org
Atkins,James,1961-08-06,tnelson@example.com
Williams,Scott,2011-11-10,felliott@example.com
Thompson,Jason,1910-02-20,shirleyrivera@example.net
Avila,Bruce,1994-09-13,boydbrenda@example.com
Jimenez,Edward,1911-10-30,ehoffman@example.org
Orr,Nicole,1911-01-14,tbell@example.com
Santiago,Joshua,1943-07-31,acostaluis@example.com
Parker,Alec,1973-04-23,tcox@example.com
Gonzalez,Holly,1913-09-13,ncampbell@example.com
Moore,Mark,1921-05-08,richardcoleman@example.net
Pierce,Erin,2019-04-26,brianthompson@example.org
Wiley,Deborah,2016-08-16,katie98@example.net
Thornton,Jonathan,1954-12-26,matthew72@example.org
Johnson,Jennifer,2019-09-24,adamcrosby@example.net
King,Kimberly,1986-04-26,christinethompson@example.org
Oneal,Stacy,2011-03-31,twatson@example.net
Moore,Richard,2007-06-12,snyderjames@example.org
Wang,Taylor,2003-11-19,laura33@example.com
Burnett,Michael,1957-10-07,nancysullivan@example.net
Green,Christine,1995-09-06,weavermatthew@example.com
Walker,Francisco,1943-08-07,riveraeric@example.net
Calderon,Rhonda,1986-07-24,xanderson@example.org
Roberts,Alicia,1956-10-27,alexandra71@example.com
Richardson,Deborah,1926-02-24,jacoboliver@example.org
Conner,Jay,1948-02-19,hernandezedward@example.org
Owens,Juan,1969-02-24,tdiaz@example.com
Herrera,Carol,1920-02-13,rallen@example.org
Miller,Cynthia,1941-07-18,zacharyenglish@example.net
Sanchez,Victor,1970-01-28,scottrandall@example.com
Walsh,Melanie,1947-05-03,georgelee@example.org
Smith,Stacey,1934-12-06,watsonamanda@example.org
Foster,Tammy,1986-08-06,christine25@example.net
Rogers,Brian,1976-12-03,georgetrevino@example.net
Rhodes,Shannon,1993-09-12,jennifer82@example.net
Johnson,Wendy,1949-03-06,danielcompton@example.org
Castillo,Jacob,2008-03-19,cynthialee@example.org
Haley,Katie,1930-07-04,travis13@example.net
Arnold,Julie,1933-10-09,tina93@example.net
Howard,Jimmy,1925-02-06,icortez@example.com
Lewis,Bethany,1969-02-15,riverschristopher@example.net
Sanford,Lori,1928-01-02,james66@example.com
Ortiz,Mike,1970-04-06,djackson@example.com
Brewer,Paul,2012-09-21,nortiz@example.com
Shields,Richard,1920-09-12,katherine51@example.com
Mitchell,William,1959-11-10,tyler98@example.org
Kelly,Christopher,1945-04-29,villarrealwilliam@example.org
Perez,Penny,1952-10-26,melissa78@example.com
Smith,Jasmine,2019-03-28,floresmegan@example.com
Mckay,Christina,1944-11-10,jenniferwood@example.org
Allen,Carlos,2013-07-16,christopherlee@example.net
Dominguez,Rachel,1923-11-14,kruegerchristina@example.com
Smith,Julia,2015-11-30,travis99@example.org
Hernandez,Megan,1933-09-28,hgarcia@example.com
Garza,Matthew,2008-10-18,patriciablack@example.com
Casey,Stephen,2012-04-14,stephanielopez@example.net
Burke,Sharon,1976-10-26,douglasamber@example.org
Jacobs,Natasha,1928-11-10,misty85@example.com
Watts,Amber,1937-09-12,ppeterson@example.net
Walton,Matthew,1933-02-03,emiller@example.com
Schultz,Adam,2009-07-07,elizabeth47@example.net
Turner,Julie,1946-05-15,eriley@example.net
Castro,Matthew,1925-01-31,joshua73@example.org
Rivera,Phillip,1936-05-14,steven67@example.net
Henderson,Jeffery,2001-01-06,gilbertjoshua@example.net
Anderson,George,1922-09-10,michaelalvarado@example.com
Cochran,Kelsey,1908-02-13,nclarke@example.org
Mcdonald,Donna,1927-09-09,randalldunlap@example.com
Shaw,Matthew,1950-09-28,ggregory@example.org
Moore,Angelica,2014-07-29,savila@example.org
Anderson,Alejandro,1908-10-14,chelsey08@example.net
Griffin,Susan,1993-03-09,ericksonchristopher@example.com
Hurley,Jessica,1921-03-26,kellydavid@example.org
Cowan,April,1937-12-03,vellison@example.com
Peterson,Matthew,2014-02-14,vgreen@example.net
Liu,Alexis,1976-06-08,thompsonjoe@example.org
Valdez,Derrick,1935-03-10,lisathompson@example.net
Taylor,Caitlin,1958-08-26,murrayvictor@example.net
Evans,Lisa,1991-04-30,mark05@example.com
Woods,Diamond,1971-03-28,markbaxter@example.org
Christensen,James,1971-05-30,amber91@example.net
Bautista,Samuel,1947-02-25,matadave@example.com
Fisher,Ashley,1962-09-27,melissa22@example.com
Small,Michael,1978-05-21,herrerasteven@example.com
Bell,Colleen,1922-10-05,martinvictoria@example.net
Palmer,Matthew,1936-09-28,anna85@example.net
Smith,Heidi,1983-11-21,jennifertran@example.org
Robertson,Michael,1913-08-30,tyler44@example.net
Hensley,Arthur,1956-10-01,karenanderson@example.org
Hickman,Bethany,1954-05-14,sean51@example.com
Lucas,Tina,1924-03-13,michaelrasmussen@example.org
Cooper,Olivia,1943-10-17,mrichardson@example.com
Fleming,Hannah,2003-10-13,brett48@example.net
King,Andrew,1909-08-28,cjensen@example.com
Lewis,Kathy,1991-03-15,hamiltonjohn@example.net
Cook,Justin,1972-11-23,rhernandez@example.net
Humphrey,Beth,1969-05-27,jill37@example.com
Rios,Daniel,1919-07-23,brogers@example.org
Ryan,James,1936-12-20,victorwilson@example.net
Morris,Evelyn,2003-04-21,christopher96@example.com
Burgess,Dana,1969-10-01,btaylor@example.org
Sanchez,Matthew,2012-10-08,arichardson@example.org
Schmidt,Linda,1913-11-06,cathy53@example.net
Wong,Jesse,1970-08-14,waynemoore@example.com
Patel,Eric,1983-01-20,uhorn@example.com
Johnson,Aaron,1918-01-26,bryantjennifer@example.org
Mendez,Abigail,1953-02-13,freemankrystal@example.org
Mendoza,Nancy,1988-01-17,williamsondebra@example.com
Farmer,Jackson,1945-05-12,ghebert@example.com
Taylor,Stephanie,1989-11-16,paul03@example.org
Delgado,Christine,1984-03-27,mccannamber@example.org
Mason,Amy,1940-12-05,alyssa45@example.org
Lewis,Robert,1930-05-23,tschmidt@example.net
Williams,Melissa,1924-11-01,jason94@example.com
Moore,Charles,1928-10-29,houstonkathleen@example.org
Maxwell,Dawn,2007-08-10,stephanie56@example.net
Harper,Christopher,1970-05-19,ebartlett@example.net
Holland,Renee,1922-09-16,anthonybaldwin@example.com
Whitaker,Laura,2011-10-16,rromero@example.net
Adams,Samuel,1934-08-22,whitakercharles@example.net
Morgan,Catherine,1982-02-15,jessicagray@example.org
Lee,Paul,1980-08-14,warnerjeffrey@example.com
Jackson,Edward,1984-08-15,william70@example.net
Peterson,Brian,2009-01-05,matthewjones@example.net
Anderson,Joanne,1917-12-11,manuel91@example.org
Gutierrez,Nicole,1914-01-30,lhernandez@example.org
Griffin,Marcia,1979-01-10,kristenschwartz@example.com
Johnson,Derek,1958-03-19,kyle72@example.com
Cameron,Jared,1985-04-26,andrewclarke@example.net
Porter,Kenneth,1967-06-21,heather27@example.net
Navarro,Jay,2008-03-31,john20@example.com
Pollard,Kevin,1926-06-26,gwalters@example.com
Perez,Shelly,1928-08-15,caldwellmonique@example.net
Ward,David,1935-11-08,hannah02@example.net
Davis,Elizabeth,1914-09-28,bobbyross@example.net
Mcbride,Ryan,2020-08-05,marissa31@example.org
Castaneda,Mark,2010-02-21,harrislisa@example.org
Mcguire,Michelle,1931-05-17,maciaschristina@example.net
Mack,Pamela,1971-06-06,elizabethoneal@example.com
Garcia,Tina,1912-06-15,donaldrivers@example.com
Ware,Matthew,1968-01-04,moradustin@example.org
Smith,Marcia,1953-12-14,anita05@example.org
Cruz,Michael,1962-09-16,cynthiaparks@example.com
Gray,Phillip,1927-06-06,andrew56@example.com
Williams,Anthony,1954-08-30,zthomas@example.net
Chavez,Alexandra,1915-09-06,teresawade@example.org
Mitchell,Christopher,1996-10-03,woconnell@example.net
Hawkins,Tiffany,1934-03-23,zimmermanjason@example.com
Best,Destiny,2003-04-30,zphillips@example.net
Patterson,William,2013-02-20,markkim@example.com
Patel,Erin,1964-05-24,tonyamueller@example.com
Smith,Sara,1931-10-17,tgarcia@example.org
Bell,Krista,2007-01-11,chase58@example.net
Cantu,Andrew,1970-09-16,pkelley@example.org
Holland,Michael,1944-10-22,angela51@example.org
Rodriguez,Megan,1912-06-04,terrencemelton@example.com
Brown,Lauren,2009-03-30,daviskathy@example.org
Orozco,Andrew,1925-06-12,patrick75@example.net
Green,Michael,1983-11-19,brandon27@example.com
Lopez,Kimberly,1939-03-13,baileystephanie@example.com
Williams,John,1991-05-03,matthew28@example.org
Ferguson,Derek,1948-01-25,shawnmoore@example.net
Castro,Robert,1919-12-30,ujones@example.net
Santos,Denise,1964-09-14,bwilliams@example.com
Moore,Hailey,1929-09-17,joshualarsen@example.org
White,Joshua,1977-10-10,martinezchristopher@example.net
Russell,Amy,1964-04-11,michael35@example.com
Cortez,Vanessa,1970-02-10,miguel30@example.org
Roberts,Jessica,1934-11-24,kcrosby@example.com
Armstrong,Terri,1918-03-16,perry97@example.net
Perez,William,2008-11-08,david00@example.com
Cherry,Paul,1957-08-07,claire96@example.org
Franklin,James,1992-01-12,shane13@example.org
Smith,Cody,1957-02-28,ijones@example.org
Sanchez,Jim,1956-09-09,zcharles@example.org
Smith,Tricia,1973-12-26,michael87@example.net
Guerrero,William,1974-09-30,wardteresa@example.net
Baker,Brenda,1956-10-13,angelicaschultz@example.org
Hughes,Vincent,1926-10-17,jacobscott@example.org
Young,Dawn,1979-04-04,daniel46@example.org
Gomez,Cassandra,1912-03-31,wlopez@example.com
Morse,Charles,2008-07-29,wardmichelle@example.org
Wilkins,Michelle,1964-11-13,igregory@example.org
Burns,Martin,1988-12-01,jeansteele@example.net
Carlson,Michael,1971-01-16,mlopez@example.org
Gross,Deborah,2012-09-21,jonesmelissa@example.net
Leon,James,1964-02-25,iporter@example.org
Simpson,Anna,1973-10-07,timothyjohnson@example.com
Blair,Cheryl,1980-03-20,davieszoe@example.net
Mcdonald,Joseph,1973-01-02,gilespatty@example.com
Reed,William,1911-06-19,ahowell@example.com
Garcia,Paul,1975-04-06,markwilliams@example.com
Kemp,Natalie,1976-09-28,fthompson@example.org
Acosta,Rachel,1992-04-10,angelarogers@example.org
Glenn,Kim,1972-04-16,stonedavid@example.net
Simon,Jake,1944-06-02,hansenjacob@example.org
Baker,Michele,1979-05-24,levi19@example.org
Robinson,Randy,1954-05-07,martinrobin@example.com
Lucero,Emily,1958-02-24,karenmiller@example.net
Ruiz,Stacey,2013-04-05,vli@example.net
Williams,Monica,2020-03-02,debra25@example.org
Hahn,Julie,1966-05-27,amandamitchell@example.com
Allen,Chelsea,1995-09-04,wwood@example.net
Davenport,Robert,1977-07-05,carrollsara@example.com
Brown,Wendy,1946-10-21,etaylor@example.org
Williams,Angel,1981-05-02,hermanthomas@example.com
Valdez,Cheryl,1981-11-07,erin93@example.org
Mcbride,Robert,1958-06-22,bonnie38@example.com
Brooks,Anthony,1951-08-03,brittanymullins@example.net
Cole,William,1929-09-22,wilkinsonstephen@example.org
Colon,Betty,1993-11-14,zhess@example.com
Morton,Haley,1989-08-12,whansen@example.net
Cox,Michael,2010-12-07,samanthasmith@example.org
Johnson,Michelle,2006-05-02,zfowler@example.net
Hill,Nicole,1947-03-08,christopher74@example.com
Reed,Tammy,1986-02-14,psmith@example.com
Best,Christian,1911-09-20,stacyperez@example.com
Reid,Bailey,1906-12-26,stonesamantha@example.org
Reid,Kathleen,1975-04-27,wendy07@example.com
Reed,Ricky,1939-11-18,thompsontabitha@example.com
Garcia,Amber,1990-08-06,schultzmichael@example.com
Gardner,Jacqueline,1929-03-27,martha32@example.com
Chavez,Mark,2006-03-20,gonzalezadam@example.net
Lloyd,Brad,1991-08-21,oodonnell@example.com
King,Jill,1913-04-02,uharrison@example.net
George,Crystal,1952-12-30,jonathonbrown@example.org
Brown,Andre,2016-08-01,earlthompson@example.net
Shepherd,Alicia,1982-09-22,nking@example.org
Friedman,Erica,1908-06-26,aoneill@example.com
Harper,David,1942-10-03,sarah15@example.org
Kirk,Lindsay,1927-06-26,ysolomon@example.com
Byrd,Kim,1985-10-25,rodriguezhaley@example.net
Davis,Troy,1964-02-18,hesterangelica@example.net
Wheeler,Dominique,2000-11-15,edwardsullivan@example.org
Mullins,Nicole,2013-11-16,donna63@example.com
Morgan,James,1907-10-18,daniel12@example.net
Wright,Richard,1978-04-22,wramsey@example.net
Turner,Steven,1915-05-05,adamwilliams@example.org
Alexander,Bryan,1996-02-27,katherine36@example.com
Richardson,Alan,1946-11-13,calderonjessica@example.com
Arnold,Pedro,1923-11-26,wallmary@example.net
Clark,Colleen,1943-04-10,danielleramirez@example.org
Hanson,Earl,1928-01-30,adrianbonilla@example.com
Martinez,Timothy,1939-02-05,cynthia82@example.com
Aguilar,Joseph,1949-02-04,deanna59@example.org
Davidson,Ryan,1926-03-13,jeremycoleman@example.org
Castillo,Jodi,2010-05-03,wesleyalvarado@example.org
Campbell,Tammy,1992-03-13,sarahpalmer@example.com
Green,Cameron,2000-10-17,rachelmiller@example.com
Flores,Rachel,1954-07-29,laura84@example.com
James,Michael,1945-12-03,bgregory@example.net
Wiggins,Sydney,2008-06-24,ashlee86@example.org
Savage,Sarah,2009-06-08,gwendolynsalinas@example.com
Fisher,James,1967-05-12,vphillips@example.com
Schultz,Jacob,2011-12-11,pvelasquez@example.net
Lewis,Julie,1961-03-29,hbanks@example.net
Walters,Joel,1925-07-22,csantos@example.net
Roberts,Anthony,1956-08-22,michaeljohnson@example.net
Green,John,1985-11-28,daniel83@example.net
Flores,Tracy,2003-05-15,alexross@example.com
Nash,John,1993-07-02,malikreeves@example.net
Gomez,Cindy,1922-09-24,ashannon@example.net
Berg,Mary,1960-03-21,robertsonjulie@example.org
Miller,Marvin,1999-06-09,castillomichelle@example.com
