last_name,first_name,date_of_birth,telegram
Gonzalez,Leslie,1946-01-29,price-degree-play
Pratt,Sabrina,1925-07-17,for-charge-forward
Bowers,Christopher,2010-12-01,month-specific
Maldonado,Melissa,1915-11-12,drop-detail-one
Johnson,Hannah,1938-05-11,figure-ground-hand
Higgins,Cheryl,1995-02-26,consider-power
Craig,Jeremy,1935-05-05,agent-take-not
Knight,Penny,1973-02-26,study-role-in
Davis,Brandi,1954-01-04,what-arrive-quite
Gonzalez,Kenneth,1981-12-07,purpose-employee
Rios,Anthony,1927-12-01,research-either
Mooney,Richard,1958-09-09,woman-treatment
Garcia,Mary,1915-04-17,soldier-group
Martin,Kylie,1959-08-16,month-ago-truth-few
Cook,Lauren,2014-01-14,any-save-half
Ramos,Carrie,1912-04-19,weight
Thornton,Donald,2021-10-26,hand-citizen-push
Li,Robert,1942-06-07,bank-day-result
Jenkins,Ronald,1955-09-20,sing-consider-ball
Wilson,Cheyenne,1998-03-13,country-admit-much
Murray,Karen,1987-08-01,pm-election-point
Hopkins,Stacey,1964-10-29,physical-treat-look
Wilkinson,William,2001-11-30,health-choose
Black,Natasha,1937-11-23,degree-still-during
Sanders,Carol,1963-09-20,decade-bag-defense
Johnston,Maria,1910-09-05,college-top-require
Shelton,Phillip,1957-04-26,move-those-huge
Wood,Lisa,1931-10-19,we-process-baby
Brandt,Mary,1921-04-25,fish-effect-each
Carson,James,1912-11-23,check-who-machine
Rodriguez,Gregg,1954-07-04,have-describe
Blackburn,Ronald,2021-02-13,meet-different
Barnett,Blake,1936-10-16,law-style-blue
Franklin,Jeremiah,2002-06-28,list-decade
Liu,Latoya,1948-05-12,anyone-including
Robinson,John,1968-04-29,commercial-work
Callahan,Miranda,1973-02-11,walk-common-way
Peterson,Trevor,1955-08-08,type-knowledge
Reeves,James,2009-06-24,paper-reflect-never
Chen,Hannah,2018-06-29,feel-care
Daniels,Ryan,1910-03-03,development-side
Maxwell,Nicholas,1946-08-11,physical-stage-yeah
Cannon,Michael,1926-04-26,life-staff-stop
Herrera,Jose,1935-06-22,would-door-by
King,Amber,1941-02-12,could-southern
Flowers,Sherry,1941-07-05,very-such-pm-choice
Fleming,David,2013-08-22,front-prove-sell
Hunter,Barbara,1980-06-24,piece-apply-receive
Martinez,Kristen,1961-04-18,exist-well-have
Boyd,Jonathan,1952-07-06,civil-nor-product
Allen,Gina,2010-06-16,whatever
Wood,Wanda,1976-08-13,believe-real-spend
Phillips,James,2021-12-22,research-piece
Olsen,Leslie,1944-05-13,dark-section-mother
Riddle,Brandy,1922-11-10,history-prove
Jennings,Joel,1937-07-25,parent-produce
Blake,Allen,1981-12-03,score-explain
Willis,John,1995-07-03,ago-but-southern
Martin,Ronald,1937-01-13,training-somebody
Taylor,John,1950-10-04,sea-move-his
Browning,John,1967-01-03,family-ability
Cohen,Jeffrey,1999-07-20,watch-difficult
Thomas,Michael,2004-03-09,total-mission-can
Park,Melissa,1931-01-29,teacher-budget
Martinez,Robert,1948-10-21,trade-sport-attack
Moore,Brad,1959-12-29,story-live-increase
Wood,Briana,1979-01-14,case-remember-than
Thomas,Brianna,1973-07-22,instead-realize
Holt,Lisa,1988-06-01,third-charge-edge
Lewis,Joseph,1925-03-16,system-throw-three
Michael,Jesus,2000-11-25,want-commercial
Byrd,Logan,1923-11-05,pull-social
Farmer,Lisa,1996-10-08,sell-special-view
Vargas,Jacob,2022-01-23,begin-summer
Bryant,Eric,1944-07-29,treatment-necessary
Peters,Leslie,2011-05-29,by-daughter-public
Peterson,Christopher,1940-09-05,meet-treat-heart
Short,James,1916-02-25,care-professional
Reynolds,Edwin,1978-03-15,north-if-wonder
Henderson,Robert,1946-02-13,rate-book-job-cause
Blankenship,Neil,2009-12-19,believe-case-size
Guerrero,Justin,2022-05-15,black-course-miss
Hopkins,Yvette,1911-05-09,fill-tend-pick
Salazar,Michael,1950-03-01,quickly-must-part
Fox,Kimberly,1994-02-08,plan-particularly
Davis,Jennifer,1992-11-01,strong-another-five
Taylor,Kristina,1912-04-18,call-gas-against
Buck,Alicia,2010-07-29,stage-current-least
Taylor,Charles,1932-07-07,act-action-through
Osborn,Pamela,1967-07-27,room-protect-can
Ferrell,Jennifer,2007-02-20,whom-yet-fill
Boone,Brandon,2022-05-02,country-store-seven
Mccarty,Susan,1908-12-20,say-can-about-three
Olsen,Kaitlyn,2007-06-29,party-read-around
Robertson,Amanda,2007-09-29,cover-style-result
Wilson,Heather,1965-10-09,family-effect-allow
Jones,Jason,1988-02-25,prevent-care-them
Morrow,Anthony,1943-03-09,natural-bank-change
Lee,Andrea,1935-01-11,always-father-east
Clayton,Jenna,1944-01-07,nor-star-drive
Greene,Marissa,2008-09-14,long-parent-walk
Valenzuela,Diana,2020-01-06,class-before
Cobb,Jennifer,1922-12-17,pressure-notice-its
Allison,Angela,1977-07-24,general-cover-agent
Parker,Leslie,1931-02-27,force-environment
Carlson,Ashley,1952-02-08,option-whole-war
Hubbard,Jeffrey,1933-09-09,born-focus-history
Chavez,Peter,1918-02-03,power-course-record
Garza,Rebecca,1965-03-02,happen-way-hold
Simmons,Molly,1969-09-16,produce-leader
Allen,Amanda,2008-04-30,maintain-build-nor
Kelly,John,1906-07-20,machine-grow-ready
Clarke,Cathy,1993-02-09,meeting-onto-myself
Black,Edward,2008-03-18,six-argue-politics
Suarez,Wanda,1938-08-03,about-smile-ever
Ibarra,Laura,1921-02-26,box-crime-maintain
Barajas,Angela,1987-09-29,decision-recent
Ramirez,Matthew,1916-07-30,really-current
Sanchez,Charles,1984-12-31,guy-movie-speech
Johnson,Patricia,1956-12-10,hospital-challenge
Ferguson,Karen,2019-03-26,bed-well-none-vote
Jackson,Samantha,1993-12-10,learn-make-other
Marsh,Wanda,1936-12-15,be-bar-let-so-civil
Campbell,Angela,1917-08-06,personal-another
Stephenson,William,1951-08-01,training-total
Randolph,Amanda,2013-03-22,investment-bank-few
Mcdonald,Zachary,1933-06-11,on-benefit-race-war
Blankenship,Daniel,1928-05-14,like-red-beautiful
Mitchell,Christina,1989-02-07,give-that-do-serve
Hudson,Darius,1927-06-25,not-note-everybody
Medina,Matthew,1965-11-07,size-whether-center
Cole,John,1983-12-26,also-out-life
Brown,Wendy,1945-07-18,amount-staff-never
Mccoy,Raymond,1920-04-17,determine-authority
Smith,Katelyn,1930-05-20,well-environment-so
Jones,Roger,1972-05-31,forget-we-shake
Johnson,Anthony,1956-02-15,common-ability
Monroe,Christina,1907-06-18,financial-act-back
Nelson,Jimmy,1960-08-15,remain-foreign-own
Wong,James,1924-09-27,of-official-keep
Adams,Patricia,2013-08-22,five-sell-rise-term
Ponce,Adam,1962-02-06,such-me-along-claim
Pearson,Michele,1964-01-14,player-member-occur
Elliott,Thomas,2006-11-17,onto-bill-sea
Harper,James,1944-05-07,chance-political
Noble,Emily,1977-04-04,artist-according
Barker,Patrick,1929-03-20,six-others-fact
Pope,Heather,1977-11-14,hot-according
Rice,William,2008-03-10,what-mention-expert
Berry,Natalie,1923-04-23,employee-evidence
Sanchez,Monica,2011-04-25,social-can-top
Harris,David,1998-11-12,newspaper-other
Wolfe,Kiara,1961-05-02,age-nature-read
Hutchinson,Ashley,1989-01-16,west-example
Johnson,Maria,1915-06-29,cultural-everything
Gonzalez,Erica,1930-12-09,thousand-pay-great
Schwartz,Dawn,1937-04-20,although-spring
Lee,Brandon,1918-02-24,budget-major-door
Huff,Mary,1947-02-28,audience-present
Hall,Diana,1986-06-14,letter-military
Chavez,Steven,1982-07-25,sea-quality-whether
Rodriguez,Angela,2014-09-17,spend-goal-fast-cup
Wagner,Joanna,1992-05-30,always-can-ever
Bartlett,Pedro,2002-09-12,discover-attorney
Carter,Diane,1960-02-04,once-win-ahead-book
Lewis,Allison,1955-07-06,account-i-course
Mendoza,Kevin,1911-08-02,source-until-worker
Brown,Wanda,1933-11-06,eye-although-reveal
Zavala,Andrea,1984-05-23,player-open-number
Cummings,Kenneth,1932-04-23,same-professor
Torres,Aaron,1984-01-03,girl-yard-mother
Sanchez,Timothy,2001-05-07,foreign-character
Walters,Christy,1951-03-11,it-speech-focus
Richards,Pamela,2014-07-19,finish-former
Browning,Jessica,1965-08-21,citizen-develop-win
Chan,Deborah,1961-01-02,question-speak
Deleon,Emily,1975-05-14,scientist-focus
Davis,Valerie,1965-06-14,smile-his-evening
Elliott,Eric,1993-04-08,ten-late-tough
Alvarado,Thomas,1945-07-26,feel-summer
Watts,Allison,1944-09-29,just-significant
Freeman,Matthew,1910-07-14,hard-professional
Liu,Cameron,2014-04-08,lawyer-plan-crime
Smith,Timothy,2012-01-10,economic-age
Thomas,Steven,1918-05-01,past-say-whom-range
Hardy,Mary,1981-09-29,figure-moment-often
Reynolds,Tom,1940-05-30,enjoy-voice-area
Klein,Bruce,2017-10-09,back-generation-hot
Cruz,Jamie,1937-03-31,though-hold-partner
Shaw,Peter,1920-11-09,over-natural-unit
Barrett,Robert,1933-12-19,day-figure
Garcia,Christopher,1939-06-05,learn-certain
Cross,Willie,1934-01-11,age-nor-protect
Valentine,Lynn,1942-07-06,month-along-share
Johnson,Russell,1979-11-15,decade-civil-wonder
Barrett,Jamie,1987-06-04,nearly-would-miss
Garza,David,1962-12-12,kind-anything-face
Lane,Robert,1931-02-09,movement-worry-too
Mcknight,Devin,2021-05-17,how-financial
Snyder,Stephanie,1998-10-09,whose-animal-foot
Castillo,Deborah,1922-06-21,congress-total-firm
Matthews,Morgan,2022-04-02,sense-tv-discussion
Underwood,Christopher,1928-12-06,social-ever-end-hot
Dawson,Haley,1952-11-29,i-source-number
Harding,Thomas,1923-02-10,might-hundred
Chan,Kimberly,2007-08-23,either-campaign-bag
Morris,Rodney,1980-12-14,cut-open-data
Martin,Paul,1969-07-31,management-remember
Meadows,Daniel,1978-11-17,area-into-season
Fletcher,Jessica,1941-02-10,boy-north-billion
Johnson,Nicole,1973-10-05,six-perform
Kim,Dennis,1951-02-27,boy-instead-finally
Ellis,Joseph,1930-10-26,hotel-act-mother
Burnett,Cheryl,1941-12-13,federal-defense
Wilson,Karen,1913-07-12,conference-work
Hess,Karen,1931-11-18,pick-moment-ten
Tran,Derek,1932-06-05,still-citizen-stage
Smith,Kathy,1920-05-03,garden-former
Smith,Brandon,2011-11-29,feeling-economy
Cruz,Jeremiah,2014-05-08,local-structure-a
Harris,Ryan,2022-02-03,quality-goal-issue
Spencer,Jessica,1979-01-15,feeling-action-now
David,Cynthia,1927-04-09,task-add-fine-but
Burton,Nicholas,1954-01-19,notice-phone-hotel
Walton,Edward,1940-05-31,answer-information
Ramirez,Samuel,2008-09-25,need-stay-lay-wear
Bradshaw,Kathryn,2001-05-26,myself-seem-picture
Torres,Alexandria,1932-04-04,you-crime-budget
Luna,Michael,1913-02-01,at-decide-care-fish
Gilbert,Catherine,1999-06-22,soldier-perhaps
Drake,Jeremy,1977-12-28,place-can-believe
Curtis,Troy,1960-05-19,story-threat-matter
Munoz,Helen,1996-08-18,then-thought
Bentley,Tommy,1959-12-22,teach-red-water-old
Roberts,Jonathan,2016-05-27,wish-popular-wall
Watson,Michael,2006-03-20,other-others-not
Johnson,Kathy,1986-04-30,eat-trip-newspaper
Chapman,Jill,1913-03-20,part-ball-kind
Hunt,Hector,2009-07-28,memory-city-system
Ware,Douglas,1955-06-03,college-operation
Robinson,Anne,1958-09-13,structure
Hicks,David,1979-12-22,generation-fish
Jones,Rebecca,1915-11-09,young-nothing-beat
Brown,Travis,1965-05-29,make-position
Black,Thomas,1955-10-17,increase-work-fill
Henson,Tracey,1967-04-08,mean-suddenly
Harris,James,1926-06-07,can-unit-be-huge
Ewing,Angela,2015-05-04,price-large-fire
Palmer,Megan,2020-09-28,whose-pressure
King,Deborah,2009-09-01,middle-home-where
Porter,Shirley,1986-07-27,network-degree
Kirk,Lindsey,1928-07-20,only-seem-year
Smith,Jacqueline,1924-07-10,adult-evidence
Harrison,Peter,1937-11-07,actually-write
Adams,Kathryn,2006-12-03,history-authority
Wagner,Audrey,2005-08-04,while-matter-girl
Barker,Cheryl,1957-07-04,this-star-manage
Rodgers,Penny,1964-06-26,there-follow-ready
Aguilar,Monique,1907-07-03,choose-thought
Keller,Brandon,1933-10-09,live-town-religious
Watson,Shelia,1919-11-11,imagine-professor
Delacruz,Miranda,2013-11-20,order-garden
Garcia,William,1912-09-26,at-military-join-be
Garcia,Ronald,1928-09-15,expert-cell-new
White,Theresa,1996-08-12,develop-start-open
Smith,Brian,1944-11-30,market-ever
Lynch,Cynthia,2016-01-04,apply-direction
Montes,Amanda,2003-10-09,scientist
Hernandez,Samantha,1995-07-24,authority-listen
Patterson,Michael,2006-04-14,class-long-they
Casey,Amy,1919-10-01,design-decide
Snyder,Brittany,2011-07-15,summer-walk-skin
Chavez,Justin,2008-04-02,bill-at-three-plant
Williams,Heather,1913-05-28,ten-technology-pay
Duran,Kara,1930-01-06,about-politics
Park,Benjamin,2000-12-09,enough-teach
Moore,Rebecca,1953-10-15,seek-weight-which
Thompson,Kristen,1948-12-27,letter-morning-add
Baker,Ellen,1969-01-05,region-still
Johnston,Nicholas,1994-01-29,smile-citizen
Mann,Cynthia,2002-04-28,lot-wrong-and
Mercado,Tammy,1972-08-16,form-where-eye
Fletcher,Kenneth,2020-05-09,whose-beyond-plan
Craig,Hailey,1949-06-16,team-tree-throw
Wilson,Michele,2015-10-08,industry-entire
Weaver,Ashley,2022-01-02,right-which-floor
Johnson,Ariana,1993-08-20,draw-consumer-edge
Lopez,Thomas,2011-11-27,kind-doctor-left
Weaver,Sergio,1993-04-27,wonder-meet-star
Vazquez,Connie,1937-03-01,on-a-well-property
Moody,Christopher,2008-04-20,hard-company
Tucker,Gary,1968-08-16,see-decision-police
Johnson,Stephanie,1966-09-06,leader-our-hot
Hays,Paul,1909-08-21,themselves-history
Beck,Joshua,2006-04-19,road-yes-rich
Garcia,Aaron,1988-03-25,whole-trip
Jones,Mary,2010-05-09,pick-mother-trade
Crosby,Charles,1955-11-03,the-plan-morning
Perry,Jared,1993-12-07,but-clearly-goal
Thomas,Connor,1938-01-14,between-attorney
Carlson,Evan,1928-10-26,beautiful-data
Cole,Mackenzie,1959-10-07,produce-argue
Porter,Sara,1969-09-05,worry-nearly-ok
Marsh,Jordan,2002-12-26,big-baby-vote
Melton,Annette,2002-08-19,pull-song-board
Nelson,Teresa,2020-09-06,medical-scientist
Guerrero,Brenda,1910-07-31,natural-laugh-total
Cross,Robin,1971-08-20,report-along
Shannon,Theodore,2007-01-26,local-entire
Hayes,Caleb,1909-12-22,evidence-other-star
Lewis,David,1970-12-22,present-scene-fish
Singh,Jerry,1966-12-04,wear-consumer-deal
Shah,Zachary,1913-11-08,we-i-ability-gun
Navarro,Jessica,2011-12-01,someone-common
Cervantes,Alexander,2018-04-25,hot-commercial
Lane,Traci,1970-07-20,clearly-street-more
Park,Stephanie,2020-01-14,may-two-security
Anderson,Luis,1919-08-14,set-treatment
Baker,Michael,2006-07-30,bring-rate-road
Wilson,Harold,1907-12-15,wide-language-light
Davenport,Kayla,1947-03-06,factor-section
Lewis,Shane,1997-08-27,degree-she-along
Chambers,Caitlin,2007-02-15,few-country-arrive
Walker,Erika,1937-12-21,majority-force
Palmer,Antonio,1999-01-08,over-seat-southern
Taylor,Shannon,1916-02-17,own-open-real
Klein,Tammy,1927-07-31,almost-rule-where
Nelson,Aaron,2002-12-22,hundred-final
Baker,Philip,1982-06-20,significant-who
Page,Megan,1960-02-16,executive-all-seek
Mosley,Hayley,1937-02-06,five-president-true
Wright,Kimberly,1937-07-25,family-add-officer
Evans,Steven,2016-09-18,dinner-wide-life
Graham,Jessica,1931-09-01,policy-view-animal
Christian,Donna,1999-05-31,cold-buy-republican
Cummings,Elizabeth,1911-10-15,bar-dark-personal
Gonzalez,Michael,1967-02-24,nothing-practice
Johnson,Joe,2015-04-16,successful-second
James,Edward,1968-02-12,million-whole-money
Smith,Peter,1938-08-11,realize-then-live
Hodges,Latasha,2013-07-20,cost-bad-page-bar
Simmons,Noah,1976-07-27,claim-start-ten
Hoffman,Jennifer,1943-10-18,season-wonder-fly
Cortez,Louis,1999-08-28,act-positive-woman
Morgan,Lori,2011-12-03,rule-sing-claim
Sanders,Daniel,1918-09-03,million-property
Proctor,Matthew,1932-12-24,prevent-foreign
Butler,Amber,1921-03-13,company-moment
Kim,Katie,1973-10-05,budget-score-rule
Vargas,Robert,1918-06-18,worry-old-operation
Duke,Elizabeth,1909-05-13,stage-somebody
White,Rebekah,2017-06-09,which-prove-rock
Stevens,Tabitha,1971-07-14,suddenly-whom
Combs,Scott,1912-07-29,middle-author
Hancock,Charles,1936-11-22,including-out
Moon,Joshua,1930-12-09,front-single-front
Walker,Mckenzie,1924-12-17,me-treatment
Cruz,Mary,1917-08-15,full-record-ready
Thomas,Victoria,1979-01-26,impact-color
Hodges,Toni,1978-06-07,under-couple-hour
Rivera,Rickey,1906-08-15,natural-thing-a
Russell,Keith,1962-02-08,us-difficult-early
Brooks,Robert,1985-11-16,often-close-service
Sanchez,Janet,1943-02-21,suffer-land-agent
Edwards,George,1988-01-29,head-relate-late
Smith,Lisa,1915-04-16,own-watch-expert
Ryan,George,1948-11-22,bag-particular
Taylor,Laura,1946-07-26,work-enough-note
Delgado,Anna,1980-08-21,development-can
Love,Keith,2016-12-23,quite-short-baby
Ward,Jamie,1908-04-06,person-unit-your
Calhoun,Andrew,1986-06-20,involve-model-type
Taylor,Jorge,1930-11-09,role-deal-surface
Mcguire,Diana,1986-05-04,report-anything
Arnold,Jeremy,2014-11-11,various-begin-large
Johnson,Kenneth,2008-01-25,her-director
Cox,Richard,1976-12-15,half-behind-near
Brewer,Charles,1945-01-01,now-bit-chair-case
Nielsen,Stephanie,1927-07-26,media-sea-share
Cohen,Kristen,1937-12-13,full-everything
Jones,Tammy,1919-12-22,wrong-physical-view
Cross,Timothy,2005-09-18,already-east-bed
Allen,Jeffrey,1956-11-18,region-know-similar
Rose,Kristina,1947-03-14,play-police-at-feel
Scott,Johnny,1951-12-21,picture-end-during
Palmer,Oscar,1939-06-11,thus-school
Flores,Jennifer,2018-07-22,phone-foreign
Castillo,Randy,1935-04-09,school-subject
Dickson,Erica,1952-11-08,prevent-commercial
Williams,Eric,1997-11-08,news-mrs-paper
Colon,Robert,1919-02-02,surface-later
Dominguez,Andrew,2002-10-01,ground-well-life
Owens,Megan,1948-05-02,receive-agree-game
Davis,Mike,1980-09-01,her-thing-imagine
Ramirez,Michelle,1947-10-27,into-summer-law
Acosta,Amanda,1909-12-16,product-financial
Preston,Nathan,1981-08-29,total-gas-position
Price,Michael,1995-09-25,bit-likely-lose-see
Wood,Ray,2017-03-21,training-blue-chair
Munoz,Charles,2018-06-07,live-election
Baker,Christina,1965-05-20,teach-region-art
Taylor,Elizabeth,2014-05-09,family-film-wait
Griffin,Charles,1961-03-21,appear-black-bit
Adams,Michelle,1964-03-18,if-project-cup
Ellis,Shannon,1934-02-06,professor-grow-main
Williams,Holly,1928-03-28,back-it-kid-likely
Morgan,Brian,2021-02-12,around-consumer-put
Johnson,Edward,1957-07-11,seven-chance
Rhodes,Marie,1956-10-13,fly-family-late
Reid,Daniel,2005-08-15,eight-beyond
Carter,Alicia,1995-04-11,him-despite
Fisher,David,1983-07-23,meeting-generation
Thompson,Jeffrey,1954-10-07,need-civil-send
Wong,Ronald,1920-12-16,serious-really-time
Williams,Kevin,1945-04-30,everyone-physical
Bryant,Nicole,1926-08-18,himself-people-bad
Adams,Laura,1913-02-01,young-car-some
Brennan,Todd,1995-08-21,audience-born-lead
English,Joy,1985-05-01,college-now-fish
Davis,Valerie,1907-07-03,movie-difference
Hunter,Elizabeth,2016-10-31,or-cause-evening
Maxwell,Michael,2003-04-18,instead-special-sea
Robinson,Deborah,1994-11-06,machine-american
Norman,Wyatt,2016-09-24,most-while-message
Crosby,Michael,2021-09-08,mother-mention
Patel,Rebecca,2003-05-15,tv-city-response
Harris,Patrick,1942-04-10,move-business
Nunez,Rachel,2006-05-18,only-finally-site
Costa,Brent,1934-06-25,house-five-industry
Thompson,Marie,1982-12-02,tv-success-former
Young,Stephen,1913-12-15,behind-that-open
Marshall,Amanda,1914-06-04,us-control-listen
Hood,Amber,2005-03-12,stock-fire-book
Smith,Kathryn,2001-11-07,other-alone-member
Jimenez,James,1956-12-22,spring-southern
Montoya,Nathan,1917-06-10,middle-newspaper
Villa,Maria,2005-08-13,building-woman
Morales,William,1987-09-29,force-should-give
Blankenship,Larry,1910-03-15,dream-school
Washington,Kathleen,1933-01-29,network-catch-lot
Alexander,William,1962-07-15,fear-let
Silva,Brandi,2011-11-01,back-ok-eat-wind
Sutton,Megan,1914-09-17,certain-keep-note
Cruz,Monica,1982-02-27,art-next-cut-dream
Williams,Stacy,1976-02-12,result-so-through
Hall,George,1943-12-04,sell-boy-newspaper
Beltran,Angie,1974-01-21,and-answer
Bowers,Shannon,1974-10-18,among-at-next-risk
Hogan,Russell,2008-05-16,rich-themselves
Brown,Kara,1989-10-11,blue-top-factor-own
Lutz,Brenda,1946-08-17,relate-safe-want
Potts,Melissa,2003-01-15,threat-raise-center
Vazquez,Daniel,1976-04-20,herself-morning
Sanchez,Elizabeth,2021-01-07,while-area-together
Hubbard,Andrew,1963-06-12,prepare-stage
Benson,Rebecca,1990-10-24,old-per-water-gas
Peterson,Thomas,1972-12-08,section-issue
Vazquez,Alan,1956-11-28,despite-customer
Lee,Troy,2001-09-02,when-product
Kelley,Alexander,2013-08-02,most-material-vote
Smith,Michael,1977-07-06,save-near-since
Ritter,James,1928-08-08,around-network-hour
Harris,Steven,1932-09-11,task-central-race
Hampton,Jeff,2010-03-19,one-human-stuff-too
Davis,Jamie,1932-04-10,six-account
Matthews,Kimberly,1907-11-10,owner-computer
Rich,Robert,2017-05-09,resource-occur
Griffith,Marcus,1920-06-24,behavior-them-low
Williams,Bruce,1988-01-20,between-why-sea
Hill,James,1928-09-28,meet-participant
Cox,Jeffrey,1962-10-11,throughout-care
Pierce,Richard,1955-07-06,program-material
Williams,Kevin,1950-08-25,response-structure
Malone,Jill,1913-06-03,find-board-defense
Cooper,Anthony,1997-10-30,take-option-view
Miller,Donald,2001-03-10,case-break-leader
Smith,Traci,1910-07-07,participant-range
Burgess,Christopher,1922-08-25,item-top-inside
Chang,Sean,1950-07-19,base-management
Hawkins,Emma,2004-07-10,show-community
Jensen,Larry,2019-02-20,decision-rather
Jones,Stacy,1908-06-27,she-seek-bed-few
Mccoy,Alexander,1986-06-06,study-really
Gonzalez,Jerry,1980-04-28,bed-direction
Rivera,Rachel,1960-01-20,lose-indicate-of
Porter,Jeffrey,2001-04-27,dream-oil-half
Hunt,Shane,1930-07-07,possible-mouth
Fowler,Lorraine,1945-05-10,gas-born-recently
Owens,Jeffrey,1972-05-25,book-now-crime
Parker,Gabriel,1967-04-12,purpose-hospital
Barron,Jose,1998-08-14,development-start
Torres,Lori,1932-12-21,world-day-store
Strickland,Aaron,2001-02-28,ok-mention-keep
Butler,Paul,1912-12-02,case-section-heavy
Charles,Brian,2018-01-17,anything-consider
Mason,Mary,1914-03-03,most-current-lead
Bailey,Todd,1983-09-03,sound-much-position
Hill,Mark,1988-09-02,father-try-remain
Barron,Donald,1959-03-28,card-cause-board
Young,Eric,1955-07-11,significant-under
Sanchez,Karen,1962-10-10,down-wonder-clearly
Waller,Reginald,1991-07-09,arm-billion-sell
Lee,Deborah,1982-08-24,no-you-exactly
Smith,Michelle,2014-01-18,fast-billion-drive
Bennett,Mark,1981-12-02,actually-company
Day,Debra,1948-10-04,with-plan-place
Campbell,John,1972-04-15,himself-standard
Santos,Sharon,1937-10-23,inside-market-stuff
Barrera,Richard,1962-01-13,point-baby-news
Elliott,Karen,1961-04-15,collection-now
Salinas,Samantha,1983-02-24,week-pm-green
Scott,Frank,2014-09-29,pattern-third
Rodriguez,Christine,1950-12-07,name-beautiful
Kim,Crystal,1961-07-23,eight-quite-leave
Harris,Jennifer,1946-10-22,machine-state-adult
Nunez,Mark,1947-08-11,remain-long-off
Grant,Brittany,1983-02-04,hospital-pay-world
Petty,Christopher,1977-04-23,any-system-if
Werner,Laura,2008-04-05,artist-military
Walls,Joshua,2006-12-28,recently-food
Rodriguez,Linda,1970-01-07,price-expert-inside
Romero,Mark,1986-09-10,imagine-help-detail
Hughes,Elizabeth,1981-04-12,break-community
Stone,Patrick,1922-08-26,million-among
Hunter,Paige,1973-02-21,bill-thus-page
Ferguson,Teresa,1939-11-22,benefit-keep
Velazquez,Craig,1967-02-25,threat-study-money
Mccarty,Tara,2013-04-23,sound-unit-budget
Watson,Pamela,1937-09-05,environmental-kind
Medina,Courtney,2010-09-27,small-few-board-set
Bailey,Darlene,1983-07-14,town-miss-else
Thompson,Stephen,2003-04-30,black-to-however
Klein,Jorge,2004-10-16,clearly-week-spring
Crosby,Leslie,1929-11-05,reveal-success-get
Hendricks,Jonathon,1998-10-11,write-performance
Schaefer,William,1982-04-09,five-economy
Hartman,Thomas,1934-11-19,animal-book-firm
Rivera,Mary,1917-10-01,wait-improve
Charles,Luis,1920-02-16,rich-loss-gas-prove
Stephenson,Nancy,1950-06-05,recently-south-boy
Gregory,Jeremiah,1907-07-17,bag-parent-break
Richards,Carrie,1940-08-09,spend-hundred-whom
Flores,Marcus,2009-09-08,decide-require
Rubio,Steven,1999-12-26,draw-go-car-memory
Hinton,David,1907-03-12,meet-economic-deep
Dunn,Mandy,1964-11-25,country-network
Wood,Elizabeth,1933-11-16,most-price-close
Porter,Joshua,1972-07-04,what-wish-turn-know
Lee,Jordan,1956-04-15,challenge-avoid
Walsh,Evan,1989-04-20,political-effect
Richardson,Tristan,1995-08-25,scientist-style
Morris,Joseph,1994-04-30,financial-every
Brooks,James,1962-10-10,imagine-society
Reynolds,Francis,1916-09-02,top-support-someone
Tate,Travis,1929-09-17,evening-environment
Newton,Jacqueline,1972-05-06,service-director
Wilkinson,Steven,2001-09-27,describe-another
Jenkins,John,1993-09-01,care-financial
Clark,Daniel,2010-11-25,rich-night-throw
Bush,Scott,1971-01-07,pull-hard-me-across
Collins,Megan,1974-03-29,require-despite
Lee,Michael,1963-02-23,ever-lose-morning
Park,Marco,2020-01-11,future-future-money
Spencer,Jorge,1920-08-07,less-themselves
Garcia,Daniel,1996-02-02,black-morning
Skinner,Melissa,1996-11-02,house-because
Aguilar,Jennifer,1961-03-04,financial-against
Rangel,Wendy,1954-01-29,cell-image-bank
Wu,Wayne,1950-02-26,agreement-agency
Thomas,Ashley,1943-05-04,recently-thank-make
Lozano,Daniel,1987-01-23,claim-truth-any
Keller,Francisco,1963-10-10,capital-change-team
Bell,Richard,1945-12-10,western-daughter
Kelley,Carla,1999-04-14,young-trial
Jones,Matthew,2017-10-09,behind-few-result
Foley,Lynn,2000-06-30,question-control
Porter,James,1969-10-27,peace-property-fly
Morris,George,2002-08-12,foreign-poor-black
Garcia,Ashley,1975-03-29,ever-product-really
Thomas,Melinda,1952-11-25,cut-rich-head-we
Riley,Christopher,1966-05-26,player-yet-owner
Flores,Bruce,2003-06-22,three-require
Hall,Richard,1996-03-18,human-part-magazine
Copeland,Aaron,1990-01-30,today-begin-or-task
Orr,Bruce,1975-08-16,base-worry-be
Duncan,Jennifer,1999-07-23,house-everyone-away
Parrish,Eric,1906-09-20,late-relationship
Jackson,Melissa,2007-09-14,way-mrs-idea-lay
Kelly,Samuel,2001-03-29,part-sense-citizen
Smith,Emily,1958-01-04,leg-this
Roberts,Katherine,1928-01-07,popular-voice-drug
Robbins,Jeffrey,1991-05-08,keep-training-chair
Crawford,John,1995-09-18,same-focus-past
Austin,Adam,2006-02-05,whose-board-instead
Lara,Cheryl,2016-07-19,land-against
Olson,Michelle,1969-01-14,pm-big-model
Williams,Robin,1963-08-04,operation-around
Bullock,Kathy,1913-07-25,teacher-third-catch
Smith,Laura,1968-10-29,sense-cold-language
Smith,Selena,2006-04-09,song-common-compare
Mills,Diane,1932-08-25,able-standard
Carter,Kelli,2003-05-17,minute-image-more
Cowan,Paul,1952-12-20,involve-base-worker
Simpson,Jeremy,1959-04-09,front-reflect
Campbell,Katherine,1954-11-01,so-their-prepare
Navarro,Jennifer,1933-09-22,need-campaign
Walker,Michael,1925-03-10,know-economy
Gordon,Kenneth,1987-03-07,direction-industry
Flores,Danielle,1950-06-13,dream-change-affect
Byrd,Julie,1987-09-27,establish-last
Williams,Mckenzie,1963-03-13,brother-lot-detail
Meza,Mathew,2010-02-24,father-tree-out-as
White,Michael,1988-02-26,land-note-five
Rodriguez,Christina,1963-05-25,best-career-cut
Parks,Craig,1914-12-13,similar-just
Hunt,Joseph,1999-02-10,hot-someone-out-say
Wright,James,1929-07-17,billion-gas-pass
Miller,Thomas,1989-09-17,sport-from-kitchen
Rios,Shirley,2002-01-07,cold-practice-scene
Snyder,Brandi,1915-01-13,might-professor
Bishop,Jerry,1992-08-17,brother-after
Scott,Leah,1993-04-11,value-try-analysis
Sherman,Jodi,1972-08-19,quality-rock-five
Clark,Patrick,1931-03-04,wonder-a-history
Rich,Robyn,1913-02-14,somebody-phone
Cunningham,David,1948-10-02,church-no
Wade,Shannon,2007-12-02,our-his-behavior
Gibson,Ian,1907-08-06,mr-including-impact
Cabrera,Michelle,1967-11-01,maintain-another
Henderson,Richard,1931-02-22,religious-one-what
Moore,Cristina,2000-11-01,member-open-argue
Richardson,Amanda,1965-01-25,father-increase
Garrett,Cassandra,1927-08-19,pick-season-mrs
Rios,Jonathan,2016-12-06,fill-arrive-include
Oliver,Carla,1913-04-04,order-doctor-none
Davis,Jennifer,1984-05-24,consumer-general
Mann,Harold,1971-08-12,lead-later-apply
Raymond,Shannon,1942-11-26,offer-take-far-onto
Rodriguez,Darren,1974-08-18,for-difficult
Bailey,Glenda,1952-11-07,board-wall-top-full
Tyler,Dawn,2015-05-09,service-send-price
Cole,Mark,1960-07-30,pick-word-dream-win
Duran,Briana,1959-09-01,power-forget-author
Perez,Jason,1993-02-03,shake-him-animal
Kelley,Jonathan,2020-08-20,sea-nature-family
Crosby,Patrick,1928-02-22,clear-majority-me
Snyder,Justin,1933-07-01,drop-look-shake
Silva,Kathryn,2003-05-29,its-central-fire
Hicks,John,2014-09-22,seek-whose-thus
Gallagher,Elizabeth,1944-04-22,guy-discussion
Perez,Samantha,1907-01-01,policy-their-face
Ramirez,Patricia,2019-09-20,natural-away-around
Williams,Jennifer,1918-11-30,know-card-beyond
Pena,Tyler,1960-10-11,language-next-war
Miller,Cesar,1978-02-17,fall-item-work
Smith,Samantha,1983-08-31,herself-either-lose
Sanchez,Laurie,1994-02-03,region-president
Hawkins,David,1983-05-29,beat-amount-line
Potter,Rebecca,2006-01-11,president-grow-key
Larson,Sonya,1945-09-08,feeling-bar
Fuller,Benjamin,1914-02-25,film-about-less
Jenkins,Chase,2018-01-21,throughout-likely
Martinez,Scott,1967-02-16,last-last-item-bill
Palmer,Beverly,1968-09-21,risk-member-us
Blankenship,Derek,1999-05-29,scene-suggest-same
Mccoy,Tony,1907-10-29,what-catch-leave
Garza,John,1932-09-13,capital-star
Brown,Anthony,1957-12-03,performance-yet
Bates,Gabrielle,2019-02-24,after-manager-seem
Rowe,Tammy,1982-08-20,set-teach-response
Cook,Nancy,2009-02-18,other-wall-cost
Greene,Cheryl,1970-03-15,check-environmental
Arnold,Michael,1973-01-13,bill-born-answer
Padilla,Thomas,1919-02-22,language-including
Trevino,Cynthia,2011-12-04,join-while-tough-as
Hanson,Timothy,1924-03-24,manage-activity
Melendez,Erin,1915-05-09,tell-produce-appear
Brown,Cheyenne,1926-10-25,term-sing-himself
Rhodes,Tommy,1951-04-10,tree-evening-guy
Walker,Daniel,1926-09-22,knowledge-number
Williamson,Benjamin,1998-07-23,tv-other-medical
Vargas,Lori,2018-05-06,political-than
Cole,James,1993-03-15,wonder-read-their
Marshall,Alexa,1964-10-29,too-rich-number-you
Holmes,Jason,1946-02-16,effect-his-natural
Davis,Melissa,1948-07-05,drive-skin-little
Wilson,Allison,1993-08-04,site-image-range
Morton,Sandra,1945-05-23,sure-take-thank
Ford,Joshua,1970-12-21,think-along-product
Wolf,Catherine,1925-06-06,thing-structure
Patel,Kevin,1918-04-16,line-win-condition
Harper,Kenneth,1971-07-18,bring-grow-might
Davis,Joshua,1947-08-28,would-physical
Foley,Rebecca,1955-07-16,sound-voice-stand
Zuniga,Kevin,1976-06-18,discover-north-near
Johnson,Kimberly,2019-04-06,reveal-sense-eye
Thompson,Dylan,1965-03-22,ten-pattern-thing
Cook,Amanda,2019-07-10,prove-with-part-gas
Nguyen,Hannah,1988-03-14,provide-news-head
Mendoza,Lori,1948-08-22,light-sing-maintain
Williams,Jennifer,1936-12-17,threat-beautiful
Welch,Ashley,1954-12-23,open-suffer-teacher
Allen,Lisa,1970-11-01,main-different-most
Hughes,Gloria,1969-05-09,end-social
West,Olivia,1930-01-21,pressure-drive
Williams,Christopher,1985-10-12,yet-could
Hopkins,Erik,1952-05-22,again-understand
Lawson,Alexis,2021-01-02,difficult-tend-vote
Davis,Elizabeth,1928-07-18,economic-stay-use
Fleming,Yolanda,2007-12-28,person-deep-to
Roberson,Mitchell,1986-09-04,through-cover
Mcintosh,Eric,2009-02-20,coach-indeed
Meyer,Valerie,1935-06-06,hundred-phone
Cox,Sandra,1931-09-06,happen-hundred
Gonzalez,Teresa,1991-02-04,lose-approach
Collins,Steven,1933-07-29,force-loss-open-and
Walker,Madison,1960-09-25,remember-reduce
Rivera,Nathaniel,2000-07-24,whom-decade-ever
James,Ryan,1992-11-15,free-center-phone
Taylor,Kyle,1975-11-08,whether-human-child
Dennis,Nicholas,1991-10-26,really-street
Charles,George,1990-04-28,too-avoid-everybody
Guzman,Alexander,1974-06-05,side-only-yet
Norman,Kristine,1990-09-27,stage-hope-to-also
Wilkerson,Russell,2001-04-15,rest-late-the-west
Greene,Peter,1972-02-28,activity-speak-of
Colon,Laurie,1920-08-15,star-page-first
Chambers,Frances,1926-12-25,culture-appear
Kramer,Sarah,1991-02-08,hear-develop
Hoffman,Lauren,2010-10-02,wear-town-order
Ryan,Erin,1990-06-19,support-sometimes
Norris,Heather,1950-08-17,number-serve-soon
Mills,Wendy,2021-07-13,goal-yes-according
Sullivan,Melissa,1914-07-10,for-worry-color
Rivera,Sylvia,2013-06-22,approach-middle
Johnson,David,2018-02-22,design-she-work
Raymond,Ashley,2016-03-24,number-present
Stanton,Danielle,1942-02-06,number-actually
Pearson,Jason,1959-12-27,laugh-have-realize
Maynard,Ryan,1961-10-24,him-yes-start-move
Perez,Jeanette,1961-01-18,drug-machine-nation
Miller,Elizabeth,1922-07-20,record-ok-long
Rogers,Dawn,1989-03-05,past-also-wish-fly
Lewis,Ralph,2013-03-15,important-himself
Fritz,April,1932-08-25,something-claim
Faulkner,Samantha,2017-01-18,third-live-pressure
George,Erik,1965-03-06,leg-reduce-behind
Murphy,Kevin,2007-10-02,wrong-parent-should
Evans,Patricia,1958-09-16,better-however
Anderson,Zachary,1961-05-04,until-amount-simply
Carrillo,Jose,1969-04-14,play-describe
Allen,Alexis,1908-01-28,note-church-table
Richards,Eric,1931-07-22,almost-his-source
Rios,Brandon,1948-09-17,total-price
Davis,Maurice,1996-04-01,bank-customer
Garcia,John,1922-04-20,hair-both-once-may
Hernandez,Tracey,1996-01-27,rather-arm-worker
Ramirez,Anthony,1914-11-03,full-receive-would
Moore,Joshua,1984-11-15,above-weight
Miller,Maxwell,2010-04-26,democratic-himself
Hernandez,Matthew,1928-05-31,his-around-about
Williams,Sabrina,2008-08-18,on-keep-south
Castillo,Melissa,1988-12-18,like-billion-drop
Williams,Lori,1959-08-24,with-central-after
Cole,Michael,1997-02-28,road-positive-want
Sutton,Victoria,1994-01-04,conference-inside
Fox,Karina,1932-12-21,opportunity-defense
Donaldson,Roger,1914-07-13,focus-remain-our
Harvey,Kimberly,1972-10-23,that-myself-now
Johnston,Adrian,1997-02-10,western-three-none
Diaz,Amber,1952-04-14,fly-sense-interview
Caldwell,Matthew,1937-04-10,baby-involve-check
Munoz,Anne,1916-07-25,most-woman-impact
Hernandez,Melissa,1911-01-24,eight-work-total
Knight,Brett,1964-12-08,whom-build-beat-yet
Taylor,Jacqueline,1927-05-10,career-sound-near
Carroll,Richard,1971-05-25,middle-soldier-tax
Banks,Ricky,2008-09-08,executive-child
Hill,Denise,1929-05-03,start-conference
Roberts,Carrie,1968-03-10,think-home-sound
White,Alexander,1982-07-27,cold-laugh-student
Wallace,Jeffrey,1907-09-23,reason-affect
Schultz,Robert,1963-11-16,interest-series
Thompson,Lori,1943-09-28,process-special
Mills,Marissa,1991-06-07,scientist-above-law
Benson,Nathan,1972-07-07,force-soldier
Frey,Ernest,1930-03-07,wait-term-item
Wheeler,Christine,1910-01-18,machine-catch-hold
Ortiz,Melissa,1982-05-19,generation-city
Hamilton,Daniel,2007-07-06,through-method
Finley,Julia,1968-05-15,instead-go-sell-pay
Contreras,Kathleen,1931-04-21,difficult-push
Ross,Harold,1939-12-04,form-open-message
Leonard,Kathy,1952-04-07,recently-find-movie
Ellis,Gary,1914-01-28,expert-clearly
Jones,Stephanie,1965-04-29,for-interesting
Richardson,Jim,1983-07-23,record-resource-not
Ibarra,Sharon,1937-06-24,manager-knowledge
Livingston,Heather,2017-03-21,doctor-specific
Clark,Tina,1992-10-13,test-recently
Hicks,Gabriel,1934-07-24,unit-race
George,Todd,1966-07-29,truth-them-wait-six
Morrison,Jason,2006-08-15,safe-report-watch
Bailey,Katie,1918-09-18,about-pick-couple
Watson,Alexander,1980-02-29,amount-me-thank-tax
Smith,Casey,1934-02-07,speak-population
Pham,Danielle,1914-05-22,seven-then-stop
Donaldson,Joanna,1945-01-20,worker-five-few
Higgins,Lori,1918-06-27,activity-arrive
Joseph,Deborah,1988-10-02,act-evidence
Price,Stephen,1965-12-11,heavy-movie-way
Ray,Carlos,1945-12-08,marriage-card-stuff
Dyer,Zachary,1951-09-14,ask-article-detail
Stewart,Erin,1989-01-22,relationship
Powell,Robert,1989-10-04,bag-need-meet-yeah
Fox,Eric,1964-09-26,bring-affect-set
Green,Brett,1935-02-12,mind-read-attack
Conley,Laura,1914-11-04,report-produce-wide
Archer,Carlos,1980-09-09,expect-can-class
Johnson,Kari,1955-04-28,society-meet-table
Mills,Barbara,1954-01-15,although-mother
Hess,Dustin,1989-11-08,base-increase
Johnson,Kenneth,1930-01-28,yeah-still-suddenly
Zhang,Malik,1958-10-26,pressure-quickly
Gutierrez,Steven,1983-06-08,among-focus-ball
Guerrero,Ryan,1938-05-29,manage-either
Nelson,Scott,1927-09-17,meeting-member-stop
Miranda,Andrew,1931-04-09,talk-behavior-food
Smith,Linda,2015-03-26,commercial-beat
Watts,Eddie,1907-04-06,treat-its-early-as
Castro,Leah,1927-03-08,weight-challenge
Austin,Jennifer,1943-07-24,a-young-fall
Figueroa,Stephanie,1944-05-14,try-american-once
Jordan,Jeffrey,1927-11-07,run-soon-point
Jones,Amanda,1968-02-05,whose-present
Johnson,Nicole,1942-04-10,defense-true-when
Gonzales,Timothy,1919-06-10,media-police-late
Prince,Vickie,1935-07-14,world-beyond
Townsend,Peter,1916-04-15,indicate-usually
Gentry,Holly,2001-03-15,alone-unit-maybe
Bailey,Brenda,1962-06-12,deal-discover-help
Jackson,Tara,1969-04-05,floor-election-key
Walker,Sydney,2013-11-03,book-whether-quite
Rivera,Chris,1953-07-03,chair-read-catch
Mendoza,Anthony,1973-10-28,fast-interest-also
Sutton,Jeffery,1947-08-30,member-best-series
Bowers,Anthony,1954-11-07,consumer-might
Graham,Andrew,1997-05-01,none-raise-meeting
Ross,Vincent,1946-06-15,its-shoulder-memory
Brock,Cole,2009-09-23,why-result-perform
Cain,Ethan,2016-09-12,law-town-think
Nguyen,Billy,2009-05-19,prove-movie
Mendoza,Jessica,2002-07-01,take-personal-can
Carter,Adam,2009-09-08,race-little-rich
Garner,Vanessa,1917-06-28,else-pm-method
White,Breanna,1958-08-22,factor-he-dream
Parker,Debbie,1964-06-27,you-six-better
Jackson,Mark,1990-05-02,admit-want-sign
Ray,Marcus,1916-07-22,always-cultural
Barron,Joann,1976-09-03,along-traditional
Hanson,Jessica,1982-12-08,million-account
Brown,Emily,2005-01-12,can-seat-receive
Peters,Alexa,1917-10-14,appear-look
Mercado,Frederick,2002-04-01,series-only-seem
Williams,Michael,1989-06-21,sense-reach-lawyer
Brooks,Robert,1957-03-13,perform-brother-red
Roberts,Angela,1931-06-18,ok-where-data
Lindsey,Mindy,1939-12-15,day-stock-or-small
York,Scott,1988-08-02,treat-size-major
Gonzalez,John,1986-08-11,this-watch-window
Watson,Laura,1964-10-23,material-prove-son
Rice,Jessica,1906-11-13,better-agreement
Williams,Michael,2001-06-15,movement-choice
White,Barbara,1972-03-26,that-form-food-away
Young,Erik,1959-09-12,development-impact
Brown,Thomas,1974-10-13,something-meet-why
Moran,Kaitlyn,1912-02-16,matter-heart-use
Patton,Makayla,2021-11-07,outside-red-decade
Nichols,Sherry,1914-10-04,prepare-foot-world
Thompson,Michael,1957-09-16,as-program-current
Frazier,Denise,2003-12-07,middle-season
Fields,Shawn,1991-10-11,still-road-alone
Wright,Michael,1963-04-01,create-room
Wagner,Cynthia,1926-01-30,bit-building-yet
Mendoza,Kristina,1985-04-01,even-fund-both
Anderson,Wyatt,1992-08-05,rich-air-might
Vasquez,Jocelyn,1940-01-27,staff-election
Davis,Michael,1979-01-29,land-effect-what
Carter,Amanda,1943-08-26,speech-color-spend
Williams,Brittany,1971-05-16,set-fact-watch
Williams,Gabriel,1949-12-24,theory-approach
Johnson,Mary,1942-10-12,instead-senior
Blair,Edward,1925-11-02,clear-fact-cut-hour
Good,Jorge,1924-03-30,fact-perhaps-month
Miller,Mark,2008-08-17,here-mind-involve
Blanchard,Lauren,1989-12-19,box-item-these
Marshall,Elizabeth,1929-09-24,but-understand-that
Harris,Jessica,1937-12-16,lose-attack-still
Lewis,Dennis,2013-09-22,may-save-million
Moore,Jerome,2011-01-14,late-across
Mccarthy,Joseph,1944-03-04,do-care-break-exist
Cantu,Robert,1937-06-22,cultural-sure
Zavala,David,1922-11-30,production-drop
Long,Nicole,1907-10-07,speak-quite-card
Bell,Joseph,1952-07-25,environment-worry
Jimenez,Melanie,2021-01-01,star-term-note
Reed,Christine,1971-12-19,budget-somebody
Norman,Alex,1980-08-22,treat-few-five
Oneill,Amy,1969-08-12,quality-especially
Rush,Mary,1914-04-07,agent-professor
Edwards,Phillip,1915-12-21,think-very-minute
Fields,Tina,2016-04-03,charge-give
Villegas,Deanna,2009-11-16,road-show-run
Hardy,James,2008-10-21,bank-develop-shake
Underwood,Jack,1916-07-27,deal-glass-large
Riley,Shawn,1935-02-02,sort-leader-smile
Nelson,Joseph,2018-08-05,music-quite-design
Knight,Stephanie,1918-08-23,machine-he-owner
Stone,Heather,1966-05-14,energy-among
Sanders,Loretta,1951-04-04,break-door-camera
Lane,Dustin,1985-07-07,teacher-black
Ramirez,Stephanie,1961-04-21,good-meeting-simple
Phillips,Daniel,1935-09-19,consumer-check-play
Mckenzie,John,1966-09-03,local-source-write
Walker,Scott,1987-09-30,ahead-field-reduce
May,Jasmine,1908-01-21,evidence-happen-far
Casey,Donna,2009-12-25,political-chair
Jenkins,Timothy,1916-06-12,center-meeting
Mann,Christopher,1968-05-24,world-agent-not
Washington,Charlotte,2015-04-09,dog-give-receive
Hansen,Laura,1992-10-14,congress-economic
Mathews,Nicole,1916-12-20,here-economy-real
White,Christina,1926-12-31,interesting-myself
Costa,Vanessa,1943-06-10,bag-share-owner
Bradley,Ashley,1949-04-04,pretty-especially
Davis,Jeffrey,1991-12-15,director-sure-early
Murphy,Jeffrey,1954-10-04,pull-he-that-air
Crawford,Douglas,1944-07-22,sport-health-fine
Chang,Marie,1908-12-20,option-right-break
Barnes,Rebecca,1928-05-11,garden-discuss-loss
Short,Daisy,1924-12-29,support-list
Stout,William,1979-11-05,want-strong-or
Wilson,Michael,1983-12-24,wife-whole-move
Thompson,Jennifer,1912-02-11,ball-especially
Butler,Ethan,1968-05-28,live-weight-help
Wright,Michael,1935-12-09,general-game-card
Frank,Kim,1946-08-12,night-lawyer-tend
Lane,Michael,1980-01-10,future-fear
Smith,Tiffany,1984-01-17,once-car-rich
Lewis,Megan,1995-12-10,outside-see-member
Booker,Devon,2018-09-26,as-name-education
Johnson,Ashlee,1916-06-02,onto-drive-ready
Melton,Charles,1937-05-01,market-government
Miller,Amanda,2004-04-10,have-loss-believe
White,Bryan,1918-06-10,truth-by-drop
Burnett,Lauren,1970-01-13,security-evening
Watson,Richard,1955-11-03,note-sure-party
Morris,Blake,1920-11-29,store-set-improve
Walker,Melissa,1994-02-04,seat-than-floor
Dunn,Lori,1934-01-24,benefit-yeah
Velazquez,Joseph,1989-11-06,available-that-bed
Garza,James,1987-05-21,child-task-include
May,John,1952-08-25,leg-yard-amount-car
Holmes,Shannon,2009-04-20,under-else-answer
Taylor,Rachel,1942-09-03,story-minute-move
Poole,Kenneth,1999-12-21,new-down-million
Williamson,Oscar,1982-12-24,though-our-herself
Velasquez,Sheryl,1979-02-22,ahead-name-explain
Shields,Janet,1912-06-13,set-away-authority
Holland,Kristin,1984-05-13,wonder-structure
Meza,Ronald,1923-04-04,loss-talk-consider
Smith,Sherry,1951-02-26,another-treatment
Simon,Victoria,1964-09-08,character-focus
Sherman,Jeffrey,1918-07-18,business-behind
Arias,Garrett,1925-10-13,at-nearly-floor
Matthews,Danielle,1994-04-28,important-south
Jenkins,Christian,1984-09-26,water-thousand
Cole,Jonathan,1939-07-05,traditional-across
Cobb,Jessica,1920-05-05,guy-million
Owens,Barbara,1996-04-15,option-cultural
White,Bethany,1944-01-09,late-form-name-onto
Glenn,Scott,2006-06-22,return-well-born
Mueller,Mary,2008-11-18,analysis-well-mr
Walker,Joseph,1927-05-05,pretty-deep
Hernandez,Jason,1967-12-02,lose-resource
Torres,Ryan,2020-06-20,brother-party
Kim,Sheri,1930-01-24,leave-animal-own
Stout,Roberta,1951-01-18,off-machine-system
Mcconnell,Robert,1942-11-22,few-trip
Brown,Marc,1960-06-10,as-include
Park,Joshua,2004-05-04,take-to-white-coach
Thompson,Johnny,2019-06-08,value-black-type
Walker,Michelle,1910-10-05,break-improve
Daniels,Mark,1928-04-16,dark-hit-care-line
Sanchez,Clifford,1976-02-13,campaign-heart
Mejia,Laura,1984-07-31,group-popular
Williams,Joshua,1986-01-27,worry-score
Carter,Vicki,1930-05-22,or-help-get-foreign
Davis,Donna,1968-06-20,certain-learn-short
Dickson,Michael,1975-05-03,instead-always-may
last_name,first_name,date_of_birth,telegram
Nguyen,Gina,1938-10-08,rest-technology
Mccarthy,Christopher,1988-09-17,speak-large
Patrick,Travis,1977-07-01,career-item-per-car
Monroe,Amanda,2011-03-22,single-bill-step
Day,Erin,1920-08-02,box-result-former
Williams,Mary,1907-11-20,after-radio
Miller,Kimberly,1957-11-07,play-game-why-build
Wheeler,Isaac,1986-09-12,book-do-seven-point
Juarez,Daniel,1931-08-15,stock-conference
Mendoza,Robert,2003-06-10,after-bit-next-form
Mclaughlin,Justin,1992-07-29,meeting-safe
Crawford,Annette,1976-02-16,possible-no-reflect
Schultz,James,2012-01-26,military-side-claim
Brooks,Nicole,1924-07-01,something-what
Perry,Monica,1942-03-31,investment-bit-lose
Martin,Mary,2011-03-22,mrs-deep-measure
Smith,Christopher,1963-02-26,some-together
Miller,Stephanie,1975-01-20,wait-machine-i
Franklin,Gabriel,1977-09-20,street-degree
Bowen,Linda,1978-10-16,choose-give
Cline,Brian,1910-01-04,name-experience-leg
Griffith,Dylan,1942-03-28,participant-near
Young,Diane,2007-08-22,center-wife-tv
Reed,Ashley,1993-11-11,successful-break-ok
Johnson,Brooke,1934-07-27,program-television
Brown,Diane,1969-07-23,once-respond
Hardy,Hunter,1961-06-25,not-benefit-truth
Gibson,Brenda,1995-08-13,special-live-use
Mcclain,Patrick,2018-11-03,politics-hope
Mcbride,Melissa,1910-02-28,glass-not-find
Jarvis,Robert,1978-11-02,reach-page-compare
Tran,Michael,1912-12-14,idea-leave-her
Dawson,Victoria,1960-06-27,still-small-soldier
Carter,William,1921-04-27,power-hear-skill
Hill,Nicole,1984-12-06,certain-yard
Dunn,Sheila,1938-03-20,culture-may-white
Edwards,Stephen,2000-04-01,amount-seat-all-or
Williams,Kelly,1906-08-02,stock-student-yes
Kennedy,Elizabeth,1982-10-25,able-operation
Collins,Ronald,1906-12-02,class-management
Clayton,Vincent,1978-02-15,get-common-occur
Bell,Steven,1925-01-17,guy-risk
Hicks,Joel,1944-03-07,history-bill-factor
Williams,Briana,1985-06-23,itself-effort-hot
Perkins,Matthew,2001-02-08,we-trouble-low-bill
Miller,Brandon,1968-05-03,simply-green-thing
Gibson,Lisa,1943-12-14,treatment-worker
Leblanc,Jeffrey,1998-02-26,team-next
Jackson,Kathy,1928-10-11,thank-detail-best
Hayes,Derek,1996-11-12,good-onto-these
Lang,Christina,1987-06-06,eye-thought
Heath,Michelle,2020-08-10,miss-event
Lee,Joseph,1956-06-02,answer-wait-window
Kelly,Gregory,1963-05-13,professional-peace
Hull,Nicholas,1916-05-19,language-interest
Wang,William,2016-11-16,entire-professional
Hall,Justin,1967-04-07,idea-allow-resource
Pierce,David,2004-11-24,nice-see-career-of
Gonzalez,Regina,1973-08-04,another-common
Smith,Andrew,1938-07-07,describe-young-game
Carroll,Edgar,1908-01-08,environment-them
Summers,Gregory,1925-11-26,letter-describe
Edwards,Brandon,2014-06-19,serious-human-base
Carson,Keith,1910-01-14,magazine
Townsend,Daniel,1915-05-26,would-political
Porter,Melissa,1956-04-16,friend-name-worry
Hunt,Amanda,1937-12-16,worker-management
Moore,Mark,1909-08-16,though-see-person
Hanson,Edward,1947-03-16,others-produce
White,Janice,1970-03-07,look-general
Roberts,Christopher,1948-10-23,certainly-wind-four
Garcia,William,1999-06-23,in-recognize-movie
Duncan,Christian,1967-11-08,street-seven-whose
Barnes,John,1928-01-23,cover-note-risk
Jones,Henry,1916-03-09,inside-like-fight
Smith,Sheri,1957-05-11,skin-truth-pressure
Johnson,Justin,1939-06-10,bill-much-per-man
Hart,Maria,1950-07-23,remember-on
Reyes,Brandi,1920-09-11,box-policy-hair-for
Sutton,Michelle,1919-06-24,significant-arm
Ellis,James,2019-12-17,for-hour-start
Shah,Karl,1931-04-14,firm-board-law
Jones,Stephen,1915-10-30,national-become
Miller,Heidi,1940-07-27,look-man-security
Perez,Destiny,1962-08-25,section-letter-go
Brown,Shannon,1923-04-14,far-economic
Brooks,Thomas,2012-01-30,civil-perform
Jackson,Christopher,1965-05-17,we-region-put
Brown,Christina,1958-08-04,light-resource
Clarke,Lisa,2015-03-24,not-decade-page
Martin,Trevor,1944-03-10,should-face-maybe
Ferrell,Michael,2017-08-31,this-newspaper
Deleon,Bobby,1942-08-07,daughter-raise
Fields,Anthony,1964-07-20,expect-part-couple
Peterson,Kevin,1912-02-17,travel-instead
Ortega,David,1959-05-24,report-clearly-draw
Wells,Brian,1960-06-26,carry-media-wonder
Cowan,Larry,1909-02-26,top-put-let-police
Snow,Margaret,1914-08-14,hand-treat-material
Thompson,Heather,1919-01-07,under-live-boy
Cook,Maria,1961-04-14,event-eye-leg-after
Mendez,Sara,1915-05-06,project-choose
Torres,Jordan,1991-08-29,chair-participant
Walters,Nicole,1910-05-10,minute-consumer
Green,Jordan,1941-10-06,can-agree-leader
Moore,Matthew,2020-05-15,family-central-west
Perez,Joshua,1933-08-04,agent-fine-old
Lawrence,Jamie,1974-12-31,write-democratic
Williams,Michael,1961-04-18,road-theory-suggest
Grant,Michelle,1963-06-02,prepare-when-animal
Moore,Tina,1984-05-21,seek-entire-use
Bennett,Jonathan,1987-05-14,sometimes-on
Meyers,Hannah,1994-11-11,avoid-collection
Curry,David,2007-01-31,wind-during-drop
Lopez,David,1936-08-01,growth-require
Diaz,Jason,2005-04-08,one-customer-happen
Stafford,Stephen,1972-08-05,wall-score-reason
Richardson,Stephen,1961-12-18,imagine-really-but
Jordan,Sheri,1988-07-08,whose-role-social
Anderson,Renee,2021-12-27,often-will-herself
Williams,Kristen,1908-04-19,again-available
Villanueva,Lauren,1987-08-11,your-lose-eye
Jacobson,Shannon,2000-03-21,computer-half-tell
Gomez,Angela,1942-10-09,your-democratic-too
Holmes,Joann,1926-07-31,close-seem-forward
Hawkins,Theresa,2018-07-25,situation-structure
Mcclain,Kyle,2022-02-13,off-middle-tonight
Lee,Donald,1931-04-08,the-smile-allow
Clements,Connie,1994-08-14,let-hotel-speech
Bell,Amy,1934-03-19,baby-change-top
Aguilar,Scott,2007-05-17,field-break-early
Harmon,Jason,1988-10-22,despite-camera
Reyes,Jamie,1945-02-10,specific-machine
Carroll,Teresa,1955-01-07,them-scene-soldier
Sandoval,Daniel,1991-04-17,industry-own-minute
Young,Ethan,1945-07-12,light-may-expert
Vincent,Bruce,1966-12-03,guy-book-child-what
Taylor,Kevin,1985-10-06,difference
Jones,Carmen,1912-03-19,everybody-than
Smith,Robert,1935-03-01,yes-follow-surface
Horn,Janice,1994-05-05,bad-deep-before
Bray,Christopher,1908-08-16,doctor-drug-thank
Taylor,Jillian,1935-08-17,mr-issue-score
Love,Aaron,2012-01-21,forward-away-member
Patterson,Christopher,1980-02-07,everybody-save-rate
Jimenez,Francisco,1977-06-13,like-on-seek-ball
Hernandez,Laura,1939-07-11,build-action
Garcia,Brett,1977-04-07,issue-hotel-first
Martinez,Sarah,1940-04-07,bring-teach-apply
Ward,Julia,2008-01-30,maybe-money-wish
Cohen,Paul,1953-03-23,recent-blue-include
Rivera,Samantha,1935-04-01,company-may
Townsend,Jesse,1956-08-23,body-four-seek-him
Mack,Kyle,2010-07-31,despite-recognize
Gay,Sierra,1968-08-02,particularly-sea
Horn,John,1936-12-16,clear-leader
Powell,Adrian,1957-11-06,development-coach
Franklin,Dwayne,1927-02-11,first-response
Rivera,Tracy,1998-04-21,each-mention-under
Hubbard,Douglas,2008-02-18,brother-service
Pierce,Brandon,1939-08-04,south-movie-music
Jackson,Brandon,1957-04-10,different-few
Berry,Amy,1968-09-18,consider-end-check
Gonzales,Holly,1990-05-24,executive-why
Lee,Crystal,2008-06-08,health-know
Young,Kristie,2017-08-01,business-reflect
Stanley,Bruce,1941-07-18,professor-example
Lester,Jay,1983-02-04,among-red-summer
Robinson,Angela,1953-01-02,ball-police-out-by
Johnson,Rachel,1964-10-10,former-treat-admit
Williams,Michael,2018-04-14,hope-list
Heath,Laura,1994-09-28,book-husband
Cohen,Lori,1941-11-09,job-body-study
Underwood,Brandy,1921-02-21,executive-choose-tv
Calderon,Catherine,1921-05-02,her-few-trip
Lindsey,Daniel,2009-04-08,really-relationship
Mcbride,Gabriel,1939-06-25,last-everybody
Jones,Holly,1970-03-29,generation-color
Duffy,Michael,1964-04-01,even-stock-check
Evans,Jessica,1945-08-10,employee-customer
Mann,Dana,1924-11-24,charge-why-bed
Brown,Rhonda,2014-03-13,deep-buy-would
Wright,Mark,2019-10-23,activity-law-mr-a
Myers,Rebecca,2006-08-01,keep-point
Curtis,Ashley,1929-02-12,movie-work-energy
Gentry,Carol,1962-10-10,condition-bit
Stone,Debra,1922-07-11,best-national-story
Vasquez,Barry,2011-12-11,his-those-marriage
Saunders,Penny,1970-07-28,talk-some-chair
Henderson,Denise,1927-02-01,he-key-could
Watson,Kimberly,1999-07-28,contain-truth-cell
Daniels,Tiffany,1962-01-07,large-usually-now
Underwood,Daniel,1913-09-10,yes-modern-again
Hansen,Christopher,2000-04-16,unit-must-allow
Butler,Jason,1939-09-08,maintain-low-effect
Potter,Autumn,1918-12-26,indeed-form-at
James,Amy,1952-07-03,best-red-position
Leon,Robert,1933-08-03,commercial-himself
Kent,Dana,1987-10-18,specific-level
Stewart,Rebecca,1975-12-09,like-base-six
Adams,Alexandra,1952-07-18,to-also-race-more
Owens,Jennifer,2000-12-06,heart-list-grow
Stout,Jonathan,1915-07-08,over-program-tough
Morgan,Nicole,1980-04-21,conference-food
Lowe,Susan,1959-08-09,way-myself-follow
Lopez,Lori,1974-01-11,agent-learn-live
Phillips,Teresa,1929-07-24,total-right-war
Bradley,Wendy,1976-01-09,site-billion-two
Petty,John,1927-03-06,memory-note-more
Nicholson,Amanda,1993-06-27,night-protect-or
Weaver,Lauren,1931-11-10,one-better-anyone
Mullen,Brittany,1914-11-19,fine-behind-fly
Grant,Shelby,2000-01-21,coach-would
Perez,Kristina,1921-01-01,positive-well-tough
Harmon,Patricia,1940-01-31,player-our
Ortiz,Michael,1969-10-04,scene-beyond-sense
Griffin,Lee,2020-09-21,argue-wonder-news
Turner,Catherine,2019-12-22,wife-picture
Ramirez,Christopher,1911-01-25,best-event-at-large
Peterson,Amy,2000-09-11,project-your-change
Church,Michael,1926-11-30,win-house
Goodwin,Cody,1946-04-21,thank-middle
Bruce,Reginald,1935-04-28,meeting-author
Pittman,Melvin,1934-04-11,mouth-tell-response
Arellano,Laura,1960-03-11,thousand-world
Ayers,Amanda,1909-04-23,account-so-effort
Gutierrez,Kathy,1992-02-21,after-economy-site
Allen,Matthew,1943-10-07,customer-brother
White,Timothy,2016-12-27,include-rest-parent
Moore,Misty,1961-12-05,production-scene
Gonzalez,Troy,1966-12-24,fact-off
Gray,Jane,1992-01-05,population-fund
Walker,Shannon,1963-03-06,class-part-bar
Hill,Jackie,1937-03-21,finish-bring
Jones,Christine,2016-06-10,gun-save-value
Edwards,Heather,2011-01-14,more-especially
Garcia,Shawn,2006-01-01,i-now-analysis-east
Smith,Matthew,1960-10-07,member-owner
Yates,Laura,1942-02-06,scene-half-his
Hernandez,Toni,2007-05-08,within-use-without
Randall,Ronnie,1991-12-08,least-civil-far
Hendricks,Ashley,1947-05-27,beyond-design-if
Patterson,Angela,1930-09-21,take-rich
Gross,Katherine,1958-01-12,according-society
Davis,Sarah,2019-10-01,city-but-community
Scott,Catherine,1975-01-17,partner-garden-free
Hernandez,Pamela,2008-05-11,democratic-less
Washington,Amy,1966-07-16,thank-product
Lloyd,Darin,1993-05-30,speech-open-move
Mcneil,Christopher,1912-04-11,front-town-our-fill
Mitchell,Anne,1947-01-04,none-through
Wolf,Bryan,1947-06-23,full-simple-shake
Edwards,Nicholas,1948-08-09,wear-floor-our
Cox,Kenneth,2002-08-05,than-activity-type
Davis,Teresa,1932-03-16,teacher-end-cost
Wells,Jennifer,1949-08-20,pay-myself-skill
Allen,Kenneth,1936-02-06,major-effect-run
Flores,Emma,1937-07-24,science-bar
Lewis,Patricia,1965-01-18,finish-or-event-fly
Sullivan,Becky,1939-05-13,life-condition-two
Prince,Anthony,1965-06-04,mrs-food-clearly
Rivers,Lydia,1953-08-27,field-movie
Peters,Steven,1921-11-14,game-or-letter
Navarro,Sonya,1950-11-17,agency-myself
Mitchell,Autumn,1931-10-24,decide-analysis
Gentry,Daniel,1936-09-19,probably-according
Manning,Christopher,1979-02-17,message-final-rate
Evans,David,1955-06-02,real-time-guess
Clark,Charles,1945-02-19,music-television
Davis,Patrick,1936-06-20,college-learn-down
Drake,Abigail,1960-07-11,kitchen-important
Harper,John,1985-05-24,rock-black-rule-win
Kennedy,Christian,1931-04-06,government-middle
Morrison,Kathy,1991-02-01,plan-our-end-plant
Garcia,Samantha,1957-10-04,shoulder-modern
Martin,David,1914-02-25,option-some-head
Wright,Christine,1946-07-16,similar-continue
Mcclure,Ashley,1940-05-24,indicate-quite
Rojas,Cody,1967-07-03,before-house-but
Mcdaniel,Jeffrey,1927-11-28,goal-might-vote
Peck,Jason,1929-05-02,instead-knowledge
Kelly,Elizabeth,1941-08-16,television
Howard,Keith,1968-12-26,include-suffer
Murphy,David,1944-10-07,prepare-now-about
Mitchell,Michael,1992-02-16,stage-father-mrs
Robinson,Evelyn,2020-10-23,hotel-option-bar
Stone,Luis,1944-03-13,fact-magazine
Johnson,Jennifer,1975-05-15,authority-prevent
Ball,David,1922-02-25,follow-lawyer-day
Mcpherson,Jeffrey,2010-04-20,occur-street
Villarreal,Jessica,1975-03-28,leader-crime-none
Goodwin,Eric,2011-03-08,single-finish-raise
Padilla,Anthony,1969-05-24,night-walk-great
Taylor,Jesus,2014-01-18,message-travel
Lewis,John,1931-07-17,occur-pattern
Kim,Kayla,2007-01-02,husband-type-listen
Hicks,Brandon,1914-07-11,environmental
Chapman,Debra,1933-02-26,not-debate-might
Williams,Bruce,2003-07-22,security-break
Smith,Nicholas,1923-03-29,level-catch-key
Nguyen,Susan,1923-08-19,factor-resource
Tran,Charles,1945-05-04,kind-important
Flowers,Gabriela,1964-08-18,off-trade-skin
Ford,Barbara,1922-05-24,friend-specific-sit
Peterson,William,1926-11-13,sell-bring-human
Gray,Connie,1973-05-06,property-see
Mcbride,Allen,1971-02-06,voice-charge-local
Mcdonald,Wesley,1935-04-28,dream-something
Miller,Todd,2014-07-05,stop-notice-pm
Jones,Kyle,1956-03-18,heavy-place-machine
Cline,Elizabeth,1908-08-11,nor-effort-road
Young,Brittany,1918-10-21,these-buy-audience
Taylor,Tina,1955-11-19,catch-just-guy
Gross,George,1985-11-19,science-under-maybe
Harrington,Gerald,1976-07-26,generation-just
Phillips,Terri,1907-11-18,quickly-foreign
Bishop,Emily,1994-05-27,course-available
George,Lisa,1938-01-17,would-effort
Haynes,Eric,1942-04-28,various-manage
Ramirez,Laura,2013-05-11,east-affect-animal
Martin,Justin,1938-08-10,red-single-draw
Brown,Michael,2017-08-10,possible-sign-enjoy
Rodriguez,Debra,1969-11-15,bed-feeling
Wiggins,Yesenia,1907-12-02,rock-phone-amount
Mcclain,Megan,1922-05-10,personal-second-ask
Lee,Nicholas,1967-05-11,senior-also-meet
Ramirez,John,1956-05-23,increase-moment
Miller,Barbara,1981-05-13,student-feeling
Walker,Richard,1978-04-06,present-no-address
Hall,Daniel,1931-05-08,understand
Garcia,Carrie,1937-07-13,well-these-base
Ayala,Shelly,1917-03-10,full-politics
Branch,Kayla,2021-11-09,box-this-of-small
Chen,Jessica,1961-11-30,sense-face-from
Farrell,Adam,2006-10-07,include-system-grow
Gray,William,1948-11-17,determine-car-have
Combs,Dennis,2016-03-13,force-choice
Douglas,Cody,1943-05-22,maybe-if
Johnson,Jessica,1991-11-24,good-bad-need
Parker,Vanessa,1914-12-03,space-education
Sawyer,Richard,1971-07-13,life-clear-move
Howell,Kimberly,1983-04-01,but-serious-defense
Jones,Catherine,1981-02-11,site-enjoy-per
Boyle,Holly,2019-04-12,this-goal-land
Kane,Gregory,1919-09-07,table-clearly-play
Hernandez,Jennifer,1936-07-26,long-sound-century
Foster,Andrew,1950-08-05,knowledge-example
Thompson,Becky,1997-05-17,account-term-pretty
Estrada,Michael,1952-02-17,song-professor
Murray,Timothy,1928-11-03,plant-avoid-billion
Maynard,Robert,1978-01-30,leader-she-involve
Hunt,Tara,1989-03-12,as-record-receive
Owen,Meghan,2003-11-10,worker-compare-her
Gray,Amanda,2015-09-01,also-thought-growth
Miller,Sara,1908-09-23,control-score
Johnson,John,1945-11-28,forget-region-on
Wise,Patrick,1951-04-21,idea-they-where
Hart,Teresa,1986-01-24,should-speak-learn
Solis,Robert,1913-01-04,gas-like-market
Carter,Charles,1940-01-19,follow-one-manage
Novak,Kristin,1932-09-25,man-draw-glass-only
Blair,Christopher,1984-05-09,fast-successful
Nelson,Kelly,1969-08-17,western-bag-safe
Long,Adam,1987-09-05,each-win-trade-like
Brown,Brian,1929-03-15,benefit-night
Flores,Michael,1985-06-14,strong-lose
Reeves,Belinda,1976-09-15,any-necessary
Murphy,Tyler,1921-09-22,politics-position
Pierce,Anthony,2012-04-13,among-authority
Mullins,Matthew,1922-11-23,i-feeling-few
Conner,Bethany,1955-04-02,college-beat
Ortiz,Lindsay,1999-09-06,sometimes-or-group
Watkins,Diane,1950-10-20,decision-want-reach
Whitaker,Theresa,1941-04-28,everyone-debate
Stevens,Brian,1960-06-18,imagine-choice
Andrews,James,1961-05-01,listen-it-stop
Schultz,Catherine,2018-06-30,accept-would-others
Payne,Eileen,2013-11-27,man-all-support
Johnson,Jamie,1922-06-09,condition-be-few
Hart,Carlos,1945-02-17,red-study-sort
Ward,Gabriel,1930-06-22,wall-six-born-whole
Caldwell,Dawn,1914-10-22,performance-radio
Everett,Diana,2006-09-19,become-work-usually
Foster,Jessica,1945-01-24,employee-fish
Conner,Steven,1934-04-08,citizen-husband
Taylor,Amanda,1947-10-18,their-must-main
Griffith,Susan,1976-09-16,when-turn-toward
Cox,Justin,1946-06-17,expect-agent-task
Hamilton,Andrea,2005-08-13,head-rather-machine
Roy,William,1956-07-25,property-security
Hall,Christopher,1913-11-19,show-kitchen-chance
Anthony,Ricardo,1911-12-11,radio-occur-require
Evans,William,1959-08-11,avoid-most-hard
Moran,Riley,2004-08-17,himself-job-eat
Bullock,Timothy,1935-04-26,who-heart-new
Stewart,Jeremy,2022-01-04,customer-impact
Wolfe,Michelle,1998-12-30,rock-at-sport
Murray,Victoria,1914-10-16,movement-knowledge
Sanchez,Robert,2013-05-30,company-for-line
Anderson,Wesley,1914-08-06,class-list-sure
Hobbs,Christopher,1930-02-11,thought-tough
Smith,Amber,1952-01-22,cold-national-crime
Parker,Bianca,1983-10-17,season-wear-mouth
Potter,Shawn,1963-03-12,bag-smile-toward
Duran,Emily,1921-05-26,no-reveal-wind
Johnson,Jason,1944-12-03,entire-always
Munoz,Karen,1997-08-25,mouth-risk-score
Jenkins,Edward,1990-02-13,late-too-mind-value
Gaines,Mary,2003-08-03,something-food
Wise,John,1955-11-23,from-protect-be-hit
Choi,Rebecca,2009-03-16,whole-work
Kelly,David,1917-07-06,free-outside
Webb,Jason,1954-05-18,four-international
Olson,Sean,1930-06-14,speech-parent
Jackson,Erin,1971-08-30,watch-lawyer-nice
Wilson,Tara,1914-10-23,occur-side-someone
Guerra,Scott,1961-02-03,you-every-music
Bradshaw,Heather,1981-11-13,who-expert-gun
Mcclain,Timothy,2003-04-22,administration
Lewis,Jennifer,2015-07-06,price-south
Smith,Derek,1963-09-10,including-purpose
Sosa,James,1958-01-25,way-current-father
Rollins,Daniel,1956-11-30,help-our-head-ever
Scott,Jessica,1923-12-10,appear-lead-speak
Leblanc,Sean,2006-06-15,continue-day-kind
Smith,Veronica,2018-04-20,similar-available
Henderson,Stephanie,2010-09-13,data-gun-piece-rich
Ramirez,Kayla,2017-12-20,finish-care
Stone,Alexandria,1923-05-31,early-dinner-list
Wilson,Kenneth,1989-03-08,laugh-sign-their
Pham,Daniel,1916-09-02,debate-four
Stewart,Erik,1915-11-25,newspaper-nature
Fisher,Robyn,1921-10-01,ok-read-upon
Perez,Alyssa,1910-07-04,true-carry-relate
Ramirez,Wesley,1945-10-04,law-feeling-agree
Dixon,James,2010-04-30,yeah-color-top
Dixon,Ann,1916-11-29,animal-age-campaign
Byrd,Christopher,1992-05-04,realize-whom
Martin,Ann,2020-04-13,organization-choose
Gilbert,Jeffrey,2022-04-03,build-prepare-such
Jones,Shelly,1918-02-04,outside-discuss
Harrison,Renee,2006-01-17,test-century-in
Cooper,Jason,1924-09-06,my-how-policy
Moss,Nicole,2007-04-15,likely-mean-through
Mcdaniel,Rachel,1929-03-18,smile-analysis
Thompson,Tracy,1973-03-30,professor-popular
White,Erica,1977-09-27,without-where-boy
Nixon,James,1910-03-06,prepare-whether
Harrison,Neil,2015-06-14,hot-factor-claim
Mcdonald,Brandy,1947-07-29,way-anything-also
Lewis,Angela,1909-04-27,happy-hope-public
Carey,Sarah,1911-10-04,raise-stay-stock
Rice,Andrea,1942-01-17,outside-degree
Reese,Dennis,2021-01-25,painting-window
Smith,Jennifer,1996-04-20,ever-apply-push
Kennedy,Rebecca,1970-01-20,light-focus-science
Wells,Peter,1999-03-28,very-long-medical
Gonzalez,Barbara,1924-02-24,race-focus-approach
Nichols,Emily,1979-10-05,eight-trade
Davidson,Benjamin,1910-05-26,necessary
Watts,Seth,1955-10-10,father-nothing-the
Kennedy,Walter,1963-07-02,represent-return
Padilla,Lori,1996-02-29,him-little-see
Valencia,Joseph,1909-01-18,three-field-safe
Barker,Daniel,2022-03-03,many-among-behavior
Perry,Kimberly,2014-03-30,once-lead-value
Anderson,Daniel,1918-03-12,foreign-example
Harris,Michael,2000-03-07,test-necessary
Mccoy,Glen,2005-03-15,design-bank-defense
Charles,Dawn,1975-10-22,read-structure-list
Gonzalez,Timothy,1934-02-08,north-wear-among
Hill,Douglas,1954-09-16,require-record
Shaw,Kristine,1945-04-03,allow-adult-peace
Gamble,Alexis,1945-01-03,establish-campaign
Adams,Michael,1947-01-07,from-hair-unit-rate
Huff,Jeff,1985-01-07,look-talk-new
Alvarez,Cindy,2015-07-01,century-someone
Faulkner,Kevin,1960-12-18,ball-pretty-amount
Hart,Preston,2007-01-18,bill-expert-exist
Morrison,Misty,1955-01-29,large-him-respond
Lee,Seth,1952-01-15,although-help-great
Boyd,Joseph,1929-08-13,modern-why
Hudson,Jeffrey,1958-12-02,order-require-study
Berg,John,1972-03-17,significant-less
Martin,Martha,1925-03-19,expert-effect-visit
Hernandez,Ryan,1966-07-03,gun-democratic
Jones,Meagan,1971-02-22,forget-recently-key
Serrano,Maria,1917-12-14,moment-chair-return
Knapp,Robert,1946-11-17,but-accept-enjoy
Wong,Cynthia,1941-07-22,take-alone
Evans,Brianna,1951-05-04,wind-market-guess
Ramos,Stephanie,2011-01-25,inside-mention
Wilson,John,1909-12-09,energy-child-deal
Ortiz,Zoe,2007-10-24,player-these-person
Robinson,Charlene,1969-10-06,paper-difference
Mcintosh,Mark,1992-06-20,old-expect-attorney
Li,Heather,1990-04-09,their-above
Ford,Eugene,1926-05-27,energy-few-school
Lester,William,2007-06-30,speech-arrive
Liu,Robert,1927-07-17,whole-dark-begin
Garcia,Timothy,2013-02-25,include-population
Sims,Antonio,1939-04-15,could-play-bank
Ho,John,2008-10-20,project-give
Morales,Albert,2016-11-06,region-worker-tell
Perez,Ian,2016-12-14,line-series-off-fly
Wright,Daniel,1991-04-14,point-story-suffer
Jordan,Tina,2019-11-02,side-production
Contreras,Daniel,1933-12-17,mrs-once-attack
Robbins,Courtney,1999-09-24,father-believe
Robinson,Theodore,1909-05-04,to-example-set-nor
Diaz,Amy,1939-07-20,cold-stock-while
Williams,Zachary,1982-03-03,station-science
Morris,Anthony,1946-02-23,world-decide-that
Stone,Judy,1993-11-20,attention-beautiful
Ford,Audrey,1980-06-26,expect-evidence
Franklin,Bailey,1915-01-25,thing-show-list
Larsen,Aaron,1951-12-24,building-six-plan
Miller,Sonia,1939-06-04,design-energy
Weaver,Nicole,1988-06-21,city-group-over-say
Coffey,Thomas,1997-02-11,drive-leader-course
Martin,Joshua,1935-01-05,go-office-thought
Allen,Brittney,1972-03-07,store-whom-often
Santana,Vanessa,1911-06-03,from-its-drop
Lane,Sarah,1924-11-04,tell-rather-street
Kramer,Ryan,1971-06-04,reach-news-turn
Jennings,Christina,1957-04-12,customer-charge
Herrera,Sean,1940-01-25,sister-plant
Johnston,Jillian,1941-12-24,eye-something
Crawford,Andre,1986-02-06,individual-light
Richardson,Roger,1986-08-18,newspaper-behind
Edwards,Meghan,1940-07-15,important-catch
Parrish,Patricia,1969-07-18,like-for-true-most
Price,Michelle,1981-05-08,teacher-soon-dog
Lee,Lynn,1960-07-08,few-stock-father
Smith,Jason,1935-06-03,drug-let-short
Carpenter,Derrick,1949-03-31,professional-debate
Ellison,Joseph,1974-05-17,drug-series-social
Oneill,Jesse,2011-11-13,mind-leader-star
Anderson,Scott,1950-06-05,religious-role
Martinez,Mario,1995-08-24,leg-learn-turn-cold
Smith,Jon,2008-10-20,artist-new-law
Clayton,Rhonda,1970-01-03,song-country-camera
Henderson,Wendy,1964-09-20,event-purpose
Morris,Hailey,1947-11-03,carry-down
Miller,Mark,1916-01-31,discover-over-cold
Tran,Alan,2020-07-11,consumer-computer
Robbins,Judy,1936-12-28,leg-campaign-most
Mcmahon,Marcus,1977-06-20,imagine-sense-good
Carlson,Nicholas,1986-06-22,like-yet-any
Bowman,Jenna,1935-12-05,card-center-sport
Douglas,Lindsey,1957-07-13,side-second-threat
Wilkinson,John,1911-10-19,door-word-clearly
Robinson,Karina,1917-10-06,oil-successful-bar
Simon,Terri,1980-05-18,consumer-detail
Terry,Whitney,1908-04-26,provide-effort
Anderson,Kevin,1951-02-22,expert-before
Richards,Larry,1983-07-21,center-around
Long,Caleb,2010-03-21,claim-side-he
Wilkinson,Chelsea,2022-02-03,piece-off-none
Johnson,Crystal,1906-09-15,market-brother
Davis,Yvonne,1921-10-08,notice-impact-bar
Gray,Joshua,1976-01-24,exist-serious-rich
Bell,Mary,1992-12-08,decide-mean-detail
Watson,Chad,1961-04-17,five-interest
Ball,Cynthia,1924-11-10,hospital-without
Bailey,Erin,1991-02-12,try-between-likely
Martin,Jason,2009-01-29,left-represent
Henry,David,1914-01-14,scientist
Smith,Tina,1909-05-18,coach-page-improve
Brewer,Carla,1990-09-02,could-her-you-such
Miller,Cynthia,2008-11-28,kid-low-could
Hunter,Wendy,1974-09-06,way-sound-seek-free
Stafford,Erin,1953-03-14,take-some-push
Peterson,Jack,1944-10-07,eat-among-in
Davis,Adam,1940-04-22,economic-pm-western
Scott,James,2012-03-29,hair-service-dream
Booker,Elizabeth,1967-10-24,born-western-boy
Sanchez,Sarah,1970-11-25,outside-guy-hear
Kelley,Natalie,1940-02-07,continue-hard-watch
Smith,Guy,1977-08-16,add-always-just
Coleman,Taylor,1969-12-31,four-along-common
Rose,Bryan,1975-08-07,keep-suggest-ago
Ellis,Charles,2010-09-08,beautiful-college
Lee,Jimmy,1956-12-16,take-age-difference
Blackwell,Cheryl,1956-12-25,personal-likely
Baker,Jonathan,2006-08-20,mr-throughout
Rice,Sabrina,1962-06-26,movie-final-land
Davis,Autumn,1955-02-02,job-teacher-war
Miles,Cassandra,2022-04-12,speak-season-early
Morales,Nicole,1945-08-03,responsibility
Anderson,Steven,2017-02-01,face-week-if-to
Romero,Vincent,1939-05-05,who-ball-until-new
Rollins,George,1972-04-19,professor-sure
Blair,Jordan,1947-11-30,memory-go-method
Johns,Mary,1921-01-07,discover-later
Douglas,Lisa,1956-09-04,heavy-quickly-carry
Phillips,Joseph,2012-01-31,how-teach-behavior
Wheeler,Jacob,1982-09-10,across-eye-nature
Wu,Lauren,2003-12-27,structure-feel
Morgan,Julie,2014-05-27,any-section-another
Contreras,Laurie,1987-02-22,may-minute-audience
Sawyer,Stephanie,1950-10-01,understand-myself
Long,Rhonda,1947-12-10,either-newspaper
Valdez,Melissa,1983-04-26,mission-customer
Chavez,Brittney,1939-02-23,economic-other-meet
Herrera,Brandy,2018-05-18,heart-front-hard
Williams,Kelly,1988-07-31,well-on-good-pm
Morris,Jacob,1969-04-10,see-large-hear
Torres,Jeffrey,1981-04-30,prepare-fact-first
Jackson,Travis,1943-09-22,nothing-that-catch
White,Angela,1945-11-27,improve-concern
Fernandez,Larry,1979-11-15,budget-long-wind
Steele,James,1936-02-03,offer-because-box
Miller,Troy,1960-08-31,until-consumer
Thomas,Christopher,1934-08-17,money-hospital-wait
Rangel,Stephen,2004-10-22,year-main-star
Cardenas,Rachel,1977-08-15,around-approach
Salinas,Tracy,1943-12-04,member-tax-question
Hansen,James,1945-02-12,table-speech
David,Kaitlin,1925-09-12,inside-generation
Evans,David,1910-09-08,anything-night
Smith,Candace,1930-10-08,rest-market
Glenn,Kevin,1946-03-30,rule-physical-east
Cook,Mark,1924-07-06,film-suffer-there
Jimenez,Antonio,1960-01-03,board-understand
Miller,Kathryn,1969-07-01,executive-be
Burton,Edward,1934-12-26,project-market
Myers,Jessica,1933-09-12,catch-medical-major
Durham,Reginald,2019-06-13,kitchen-recently
Mcmillan,Grant,1915-04-08,statement-same
Gregory,Kenneth,1965-06-29,matter-company-fish
Greer,Allison,1965-05-17,next-woman-option
Adams,Andrea,1972-02-17,share-line-amount
Fowler,Travis,1967-09-23,before-affect-hit
Goodwin,Billy,1978-01-01,professional-want
Ballard,Stephanie,1917-09-20,front-executive
Sosa,Rachel,1942-05-15,contain-when
Harrison,Gregory,1944-10-12,wish-truth-position
Blake,Craig,2019-10-13,marriage-reality
Arellano,William,1922-10-16,picture-set
Gibson,William,2003-05-28,candidate-agent
Woods,Ryan,1999-12-11,mind-team-rest
Maxwell,Taylor,1920-09-01,indicate-deep
Johnson,Cody,2001-08-14,benefit-student
Sims,Erin,1914-01-21,though-mind-paper
Stewart,Katie,2018-07-03,station-if-be
Avila,Christina,2016-09-15,happy-rather-movie
Jones,Denise,1921-04-06,economy-position
Mcfarland,John,2018-09-06,movie-upon-impact
Richards,Rhonda,2016-12-20,building-address
Brown,Thomas,1940-01-04,must-wait
Reeves,Andrew,1913-04-05,themselves-game
Olson,Bradley,1955-03-02,simply-different
Perez,Matthew,1940-01-30,sign-country-nearly
Davidson,Sierra,2004-07-18,book-road-together
Thomas,Joseph,1934-07-09,blood-different
Salinas,Scott,1972-03-10,call-sound-maybe
Ross,Matthew,1986-09-02,already-one-product
Lane,Karen,2003-01-24,hotel-grow-spend
Gray,Brenda,1968-02-11,result-ever-at
Fernandez,Paige,1946-09-16,agreement-late
Crawford,Joseph,1973-06-25,teach-lawyer-accept
Underwood,Christine,2015-12-14,after-industry-line
Kelly,Alicia,2012-11-07,eat-happen-war
Sparks,Anthony,1938-03-23,instead-pick-risk
Ryan,Judy,1994-07-13,air-reason-somebody
Davis,Rose,1986-05-08,subject-second
Oliver,Devon,1950-09-09,assume-along-rule
Smith,Anne,1987-03-11,though-page
Turner,John,1971-04-26,film-certain
Mosley,Jennifer,1969-06-02,impact-from
Weiss,Scott,1983-09-19,consumer-interview
Hernandez,Margaret,1999-03-31,oil-cut-available
Lane,Jennifer,1972-05-22,between-past-face
Branch,Cheryl,1909-08-27,write-reduce
Bennett,Kimberly,1996-10-05,production-behavior
Turner,Brittany,2011-02-01,act-ability-more
Horton,Alison,1947-10-13,attorney-may-sell
Ball,Peggy,1972-09-06,better-purpose
Anderson,Angie,1983-10-09,ground-in
Mclean,Sarah,1941-07-08,thing-piece-late
Smith,Katherine,1922-07-02,size-this-professor
Smith,Anthony,2010-03-20,owner-check-film
Weber,Ruth,1964-10-15,stage-population
Kelly,Gerald,1945-09-13,top-chair-recently
Lang,Brooke,1992-02-07,left-relate-crime
Silva,Jessica,2003-12-20,end-nature
Ward,Larry,2011-09-20,short-human-read
Bailey,Kelly,1989-03-05,edge-natural-share
Kirby,Amber,1933-10-29,ground-information
Cantrell,Dylan,1986-12-10,bit-term-tough-with
Johnson,Steven,1931-12-29,total-agreement
Bradley,Dawn,1983-07-30,between-anything
Green,Michael,1938-02-06,couple-so-people
Graham,Charles,1917-01-13,play-glass-name
Barnes,Ashley,1942-07-01,itself-yeah
Harper,Valerie,2019-08-04,not-half-prevent
Gonzales,Derek,1944-02-24,measure-interesting
Garner,April,1977-03-30,rather-other-into
Pollard,Debra,1973-04-30,final-view-write
Green,Monica,1923-03-13,power-whatever
Wright,Christine,1992-09-13,information
Leonard,Donna,2002-10-07,before-level-often
Jacobs,Mckenzie,2021-02-15,sometimes-decade
Bailey,Robert,1946-02-16,foot-since-appear
Arnold,Dalton,1965-04-01,before-manage-front
Noble,Shawn,2000-07-31,once-music-type
Perez,Wendy,1996-02-19,structure-of
Bradshaw,Justin,1961-06-14,thus-try-car-amount
Brown,Crystal,1947-08-27,read-away-realize
Smith,Virginia,1998-02-08,loss-focus-group
Williams,Nicole,1979-10-17,cost-student
Evans,Rebecca,1984-06-21,because-often
Riley,Ann,1967-04-14,our-individual
Palmer,Jason,1978-05-01,matter-major
Brown,Elizabeth,1964-09-28,difference-personal
Sparks,Dennis,1955-04-21,energy-time-light
Lamb,Kristine,1967-01-07,if-thing-purpose
Huynh,Joseph,1987-01-17,remain-too-wonder
Robinson,Jon,1935-04-07,give-third-during
Johnson,Christine,2013-01-10,thus-for-billion
Palmer,Courtney,1978-05-27,main-sea-best-top
Pittman,Angela,2009-10-18,together-evidence
Simpson,Michael,2016-11-30,today-approach-also
Lynn,Carmen,1990-06-09,west-away-life
Sanchez,Ryan,1957-04-05,into-friend-else
Brown,Anthony,1963-11-09,course-study-nice
Baird,Amy,1922-03-03,myself-easy-former
Thompson,Mathew,1963-11-10,from-send-week
Dominguez,Carmen,1912-12-10,parent-consumer-top
Stewart,John,1971-04-15,none-rock-on-woman
Mitchell,Emily,1906-10-25,two-everyone-know
Green,Preston,1920-10-31,while-question
Melton,Tracy,1926-02-07,just-defense
Lloyd,Felicia,1927-03-28,heart-moment
Robertson,Amanda,1937-05-11,drive-another-prove
Jennings,Jonathan,1910-06-18,information
Gutierrez,Jasmine,1957-07-18,reason-no-newspaper
Reynolds,Mia,1999-06-28,walk-happy-along
Green,William,1956-05-04,represent-hot-seem
James,Madison,1953-07-14,trade-here-lead
Cole,Melissa,2022-05-16,scene-size-guy-use
Walton,Jasmine,1930-08-21,anything-energy
Callahan,Danielle,1985-03-31,down-among-him
Santiago,Albert,1977-05-05,dog-arm-film-across
Glover,Robert,1946-03-20,choice-these-and
Rollins,Cody,1983-01-15,member-quality
Beck,Stacey,1953-02-23,media-laugh-take
Schmitt,Lisa,1925-08-09,would-finish-last
Greene,Jeffrey,1992-06-02,pattern-bring
Foley,Amy,2005-11-26,white-actually-idea
Patterson,Duane,1922-02-12,matter-everybody
Yang,Raymond,1967-01-02,necessary-another
Powell,Sandra,1944-01-01,address-through
Dorsey,Jeremiah,1925-08-22,recognize-share
Lee,Andrew,1949-12-15,hope-how-bit-reduce
Oconnor,Spencer,1942-04-15,political-many
Key,Lisa,2010-03-29,imagine-alone
Williams,Joshua,1944-12-27,summer-doctor-task
Hudson,Kelly,1912-07-09,hour-remain-her
Ford,Robert,1993-09-04,right-large-right
Andrews,James,2018-05-06,anyone-who-world
Wong,Jonathan,1942-03-27,collection-grow
Brown,Michael,1993-07-31,usually-big-make-it
Graham,Jessica,2016-05-06,nature-accept-chair
Bryant,David,1911-03-05,represent-network
Kelley,Shawn,1972-06-28,machine-mind
Turner,Brandon,1976-02-16,my-it-back-first
Martin,Monique,1914-05-17,over-enjoy
Vega,Frances,2002-05-29,arrive-north-level
Johnson,Richard,1917-01-17,recent-travel-apply
Williams,Monica,1936-10-17,raise-help
Santana,Brian,2003-08-20,seat-behavior
Olson,Mark,1913-06-30,direction-ask-year
Mcdaniel,Eric,1950-07-27,to-myself-begin
Tucker,Melissa,1941-05-05,miss-recent-chance
Wolf,Leonard,1916-05-26,laugh-dream-bed
Wade,Linda,1965-05-10,every-peace-half
Young,Matthew,1956-04-13,because-management
Clark,Alexis,1927-08-27,street-month-foot
Marquez,Robert,1971-03-27,my-soldier-gun-us
Hernandez,Helen,2014-05-05,model-term-speak
Garcia,Mary,1956-10-06,imagine-career
Simpson,Amber,1928-01-09,first-prove-success
Meyers,Melissa,1996-06-28,improve-body-here
Ortiz,Ricardo,1908-03-20,why-organization
Fisher,Daniel,1961-06-16,understand
Chandler,Susan,1966-01-09,play-soldier-change
Hendricks,Francisco,2003-09-24,upon-baby-arm
Cooley,Michael,1926-11-23,four-test-on-seven
Brown,Erik,2008-06-18,summer-form-answer
Grant,Yolanda,1910-06-22,space-family-debate
Jordan,Tammy,1915-08-13,whatever-when-carry
Martinez,Sheryl,1928-05-07,across-defense
Brennan,John,1911-05-06,summer-game-remain
Weber,Michael,2004-04-20,run-they-field
Brown,Scott,1990-01-19,final-mention
Hill,Jeremy,1990-06-02,personal-contain
Huff,Daniel,1949-07-24,between-tree
King,Mark,1922-12-04,begin-similar-eye
Mitchell,Madison,1932-06-01,network-cold
Pace,Donald,1947-01-30,reveal-ago-hear
Coleman,Rachael,2010-05-29,up-help-example-box
Bowen,Leslie,1935-09-28,particularly-cover
Hinton,Pamela,1933-11-06,green-model-deep
Edwards,Shannon,1941-03-14,knowledge-once-idea
Mcdonald,Dana,2003-08-30,person-with-across
Lane,Brian,1958-12-04,security-individual
Green,Zachary,1914-01-25,threat-like-federal
Davis,Juan,1907-06-20,truth-control-well
Mccoy,Beth,1966-12-08,daughter-civil
Hubbard,Desiree,1978-09-19,mention-bed
Avila,Robin,2011-09-05,pretty-man-life
Williams,Courtney,1906-08-10,beat-computer
Reyes,Jose,1911-03-11,know-term-newspaper
Salazar,Lisa,1930-02-11,the-religious
Johnson,Tracey,1943-05-11,forget-each-recent
Nolan,Lance,1986-09-21,answer-our
Stephens,Noah,1925-11-25,notice-to-could
Kelly,Lisa,1960-01-24,image-third-cover
Collins,Patricia,1958-08-04,power-camera
Lester,Dana,1938-07-23,sometimes-agency
Reyes,Anna,1953-07-16,catch-street-eye
Hall,Austin,1957-09-29,range-product-carry
Wilson,Amanda,2007-01-27,view-pay-add-simply
Hurley,Joan,2005-11-28,practice-nearly
Hayden,Brooke,1945-02-12,enjoy-truth
White,Richard,1945-08-01,for-network-senior
Townsend,Kathryn,1960-06-13,player-section
Mitchell,Chelsea,1976-10-15,bar-book-quality
Obrien,Susan,1986-10-12,loss-attack-program
Murray,Devin,1968-08-17,any-worry-event
Foley,Joseph,1917-08-30,name-year-go-expect
Wallace,Timothy,2003-09-23,suffer-by-pressure
Martin,Ethan,1916-12-29,each-college-able
Lee,Jessica,1907-11-20,fish-move-point
Valencia,Julia,1990-07-21,artist-television
Green,Jorge,1977-01-24,drug-decade-last
Miller,Richard,1990-04-23,whom-business
Smith,Alexa,1975-11-14,claim-relationship
Peterson,Jason,1912-05-12,century-too-man
Ferguson,Kimberly,2005-11-26,party-similar-ever
Logan,Chad,1910-09-27,individual-former
Hoffman,Ronald,1936-09-14,pm-here-still
Frazier,Erik,1958-06-18,into-sea-sign-scene
Gibson,Renee,1918-12-25,amount-war-pick
Hunt,Charles,1914-08-20,participant-those
Keller,Robert,1959-02-05,large-close
Brown,Martha,1983-04-05,section-recent
Schmidt,Amber,1950-09-29,name-course-can-me
Donovan,Sarah,1944-09-05,because-beyond-age
Smith,Adam,2014-11-06,eat-better-which
Hess,Katie,1958-02-27,raise-radio-measure
Dickson,Eric,1916-12-03,senior-mrs
Burns,Christopher,1969-09-25,another-yourself
Pierce,Kenneth,1908-06-11,tend-blue-your
Schultz,Janet,1953-10-31,generation-four
Lang,Robin,2017-05-04,follow-water-lead
Watkins,Marie,2001-02-15,more-always-sound
Blanchard,Amanda,1954-11-09,international-now
Ingram,Christina,1952-07-21,just-beat-laugh
Hamilton,Laura,1995-09-08,until-get-main
Greer,Jesse,2006-09-13,laugh-positive
Ashley,Elizabeth,2013-10-19,road-share-front
Ryan,Colton,1923-06-11,live-little-fish
Reese,Tina,1991-12-08,myself-accept-apply
Baker,William,1908-07-15,with-country-send
Valdez,Cindy,1916-04-30,color-son-kind-join
Stephenson,Andrew,1992-02-21,each-detail-then
Miller,Alexis,2005-11-15,dark-manager-per
Price,Julie,1935-01-18,admit-million
Stone,Rebecca,1927-10-25,thus-true-camera
Willis,Rebecca,2003-10-05,strategy
Baker,Paige,1931-07-31,environment-include
Patel,Jaime,1982-03-09,according-wear
Berry,Holly,1907-03-27,two-billion-true
Ruiz,Kimberly,2015-06-29,personal-type-blood
Merritt,Sandy,1945-04-30,change-bed-start
Medina,Robert,1999-06-05,trouble-hundred
Morton,Paul,2000-04-15,foreign-job-site
Hurst,Andrew,1981-08-26,since-organization
Foley,Jared,1945-07-26,which-grow-order
Hale,James,1929-02-22,couple-career
White,Edward,1945-01-25,doctor-fish-wife
Williamson,Kayla,1916-06-10,raise-other-up
Webb,Kendra,1977-02-18,hot-different
Morgan,Leah,2016-08-15,easy-tree-pattern
Vasquez,Timothy,1985-11-17,who-but-idea
Taylor,Sean,1984-03-20,everything-daughter
Davila,Craig,1973-06-14,report-learn
Luna,Steven,1970-11-29,research-industry
Brown,Angela,1920-10-23,include-government
Stewart,Lisa,1974-04-29,realize-toward
Pugh,John,2009-01-07,republican-car
Williams,Joseph,1973-12-30,benefit-might-later
Craig,Karen,1991-05-13,say-floor-air
Monroe,Dustin,2010-09-12,stay-tell-tonight
Garcia,Amber,1976-02-16,arm-any-it-door
Harris,Chad,1997-09-16,pay-fund-minute
Bates,Phyllis,1915-10-24,land-soldier-lead
Scott,Nathaniel,2002-06-15,voice-reveal-than
Andrews,Christine,1937-03-30,and-from-western
Flores,Jo,2006-07-24,author-money-can
Scott,Scott,2017-03-26,level-arrive-treat
Reilly,Garrett,2009-06-17,hotel-blood-glass
Mullins,Sara,1993-04-01,see-doctor
Davis,Brenda,1976-06-11,beautiful-treatment
Pugh,John,1991-06-17,maybe-director
Ward,Gordon,2018-07-16,civil-politics
Key,Lisa,1995-05-13,student-hard
Reilly,Veronica,1959-05-02,again-prevent
Cruz,Philip,1991-01-27,yet-huge-federal
Mcguire,Mitchell,2008-07-31,central-adult-sell
Stevenson,James,1934-05-23,manager-subject-can
Ashley,Michael,1966-05-02,degree-lawyer-cause
Armstrong,Ronald,1950-06-17,stop-read-quite
Davis,Katherine,1999-08-09,ready-true-street
Brown,Chad,1958-05-01,general-agreement
Cook,Brandon,1981-08-03,well-soldier-body
Carter,Melissa,1979-08-17,card-note-edge
Scott,Angela,1927-09-20,policy-response
Orr,Tommy,1990-08-29,suggest-daughter
Rice,Danielle,2003-07-16,live-her-sure-event
Deleon,Linda,2020-06-10,wife-computer
Bass,Deanna,1932-09-09,these-decision-we
Ware,Mary,1916-05-09,including-glass
Pham,Gregory,2013-05-21,particularly-war
Wagner,Holly,1987-03-05,boy-coach-street
Sullivan,Vincent,1909-04-26,gas-up-rule-nation
Murphy,Eric,1976-08-23,group-political
Kemp,John,1958-06-22,deep-pick-thus
Smith,Laura,2016-04-05,certainly-sure
Rodriguez,Eric,1924-08-18,military-over-so
Pratt,Abigail,2020-11-18,everything-little
Mclaughlin,Theresa,2002-05-10,pattern-remain
Nelson,Henry,1931-10-25,federal-energy-rich
Wagner,Robert,1974-07-23,learn-their
Rogers,Daniel,2000-12-16,individual-positive
Weaver,Thomas,1932-12-20,everybody-run
Stanley,Lisa,1963-02-10,rise-box-building
Powers,Leah,1987-08-22,author-anything
Lee,Margaret,1911-04-02,property-energy-no
Conway,William,1954-07-24,growth-determine
Ramirez,Hannah,1938-06-08,what-system
Phillips,Donald,1923-12-26,instead-what-argue
Daniels,Jeffery,2009-02-26,accept-however
Barnes,Emily,1919-10-30,account-phone
Lyons,Samuel,1908-10-23,sell-remember-book
Rodriguez,Martin,1957-04-09,your-chair-hot
Smith,Angela,2009-11-03,dark-defense-stock
Leonard,Belinda,1986-01-18,pass-economic-safe
Lee,Alison,1992-02-08,especially-rest
Davis,Kristina,1921-10-10,explain-nature
Bradley,Martin,1930-01-29,matter-generation
Johnson,Christopher,1910-08-16,stop-necessary
Ayala,Kurt,1912-11-25,amount-season
Prince,Bobby,1984-09-30,light-cup-the
Turner,Jim,1995-07-14,spend-usually
Conley,Lauren,1923-04-08,phone-candidate
Silva,Joel,1932-11-24,help-tax-stock
Holmes,Amy,1949-11-13,friend-very-sound
Archer,Joshua,1928-11-05,best-those-sense
Dickson,Kayla,2013-09-13,exactly-guess
Ballard,Tina,1935-04-27,prevent-student-car
Garcia,Dustin,2018-01-13,well-strong-they
Adams,Thomas,2003-05-31,her-somebody-yard
Williams,Randy,1980-06-14,without-this-same
Allen,Susan,2001-02-04,step-man-movement
Cooper,Victoria,1926-04-22,phone-tend-door
Marks,Cynthia,1947-09-21,his-really
Walters,Angel,1999-08-13,relate-none-first
Deleon,Paul,1973-10-16,employee-her-carry
Kelly,Charles,1935-07-08,tax-strong-admit
Lee,Kelly,1979-04-11,fire-drop-field-too
Wolfe,Stephanie,1953-08-16,point-tv-discussion
Watkins,Anna,2016-03-30,your-member-maybe
Jackson,Kimberly,1943-12-05,western-society
Jackson,Kenneth,1945-08-11,maintain-claim
Sparks,Tammy,2005-10-15,so-policy-first
Summers,Kelly,1927-11-16,thing-should-what
Cabrera,Roy,1985-04-27,show-imagine
Franklin,Kristen,1998-07-18,ground-drug-whole
Hubbard,Amanda,2011-02-14,around
Schwartz,Deanna,2006-12-10,wife-including
Cummings,Patricia,1939-12-31,purpose-report
Barr,Karen,1960-12-03,form-take-house
Mitchell,Robert,1906-10-30,wind-and-enjoy
Collins,Catherine,1997-11-19,yourself-serve
Forbes,Alexander,2001-01-05,must-improve
Reid,Jennifer,2000-12-22,will-be-pressure
Archer,Michael,1914-05-21,fill-strategy
Park,Breanna,2008-11-29,data-own-value-cut
Powers,Glen,1963-01-28,around-bill
Conner,Margaret,1987-05-30,a-task-event-job
Delacruz,Michelle,1991-09-16,science-sing-power
Morris,Logan,1943-03-06,enjoy-have-capital
Smith,Jessica,1909-11-03,smile-federal-five
Chandler,Noah,1933-03-27,over-price-study
Guerra,Melvin,2001-03-08,none-sense
Ellis,Janet,1937-12-16,evidence-the-ago
